Шашлыки,https://admin.kalina-malina.ru/api/v1/products/catalog/preview/shashlyki?storeOneCId=d86616e5-a982-11eb-8eac-005056812e03&limit=20
Мясо_и_птица,https://admin.kalina-malina.ru/api/v1/products/catalog/preview/myaso-i-ptica?storeOneCId=d86616e5-a982-11eb-8eac-005056812e03&limit=20
Колбасы_сосиски_деликатесы,https://admin.kalina-malina.ru/api/v1/products/catalog/preview/kolbasy-sosiski-delikatesy?storeOneCId=d86616e5-a982-11eb-8eac-005056812e03&limit=20
Сыры,https://admin.kalina-malina.ru/api/v1/products/catalog/preview/syry?storeOneCId=d86616e5-a982-11eb-8eac-005056812e03&limit=20
Молочная_продукция_яйца,https://admin.kalina-malina.ru/api/v1/products/catalog/preview/molochnaya-produkciya-yayca?storeOneCId=d86616e5-a982-11eb-8eac-005056812e03&limit=20
Заморозка_полуфабрикаты,https://admin.kalina-malina.ru/api/v1/products/catalog/preview/zamorozka-polufabrikaty?storeOneCId=d86616e5-a982-11eb-8eac-005056812e03&limit=20
Готовые_блюда_кулинария,https://admin.kalina-malina.ru/api/v1/products/catalog/preview/gotovye-blyuda-kulinariya?storeOneCId=d86616e5-a982-11eb-8eac-005056812e03&limit=20
Наша_Кухня,https://admin.kalina-malina.ru/api/v1/products/catalog/preview/nasha-kuhnya?storeOneCId=d86616e5-a982-11eb-8eac-005056812e03&limit=20
Бакалея,https://admin.kalina-malina.ru/api/v1/products/catalog/preview/bakaleya?storeOneCId=d86616e5-a982-11eb-8eac-005056812e03&limit=20
Хлеб_выпечка,https://admin.kalina-malina.ru/api/v1/products/catalog/preview/hleb-vypechka?storeOneCId=d86616e5-a982-11eb-8eac-005056812e03&limit=20
Консервация,https://admin.kalina-malina.ru/api/v1/products/catalog/preview/konservaciya?storeOneCId=d86616e5-a982-11eb-8eac-005056812e03&limit=20
Вегетарианские_продукты,https://admin.kalina-malina.ru/api/v1/products/catalog/preview/vegetarianskie-produkty?storeOneCId=d86616e5-a982-11eb-8eac-005056812e03&limit=20
Кондитерские_изделия_мороженое,https://admin.kalina-malina.ru/api/v1/products/catalog/preview/konditerskie-izdeliya-morozhenoe?storeOneCId=d86616e5-a982-11eb-8eac-005056812e03&limit=20
Безалкогольные_напитки,https://admin.kalina-malina.ru/api/v1/products/catalog/preview/bezalkogolnye-napitki?storeOneCId=d86616e5-a982-11eb-8eac-005056812e03&limit=20
Овощи_грибы,https://admin.kalina-malina.ru/api/v1/products/catalog/preview/ovoshchi-griby?storeOneCId=d86616e5-a982-11eb-8eac-005056812e03&limit=20
Рецепт_выходного_дня,https://admin.kalina-malina.ru/api/v1/products/catalog/preview/recept-vyhodnogo-dnya?storeOneCId=d86616e5-a982-11eb-8eac-005056812e03&limit=20
