3053,https://admin.kalina-malina.ru/api/v1/products/bedro-kurinoe-barbekyu-1-kg
2314,https://admin.kalina-malina.ru/api/v1/products/shashlyk-osobyy-ohl-v-u-ves
36693,https://admin.kalina-malina.ru/api/v1/products/krylya-v-marinade-taezhnyy-v-u-ohl-ves-sredniy-ves-1-kg
1038,https://admin.kalina-malina.ru/api/v1/products/krylya-kurinye-chilli-villi-sredniy-ves-1-300-kg-volkov
2309,https://admin.kalina-malina.ru/api/v1/products/shashlyk-chiken-gril-sladkie-sredniy-ves-1-300-kg-volkov
933,https://admin.kalina-malina.ru/api/v1/products/file-v-marinade-belarichi-sredniy-ves-1-100-kg-volkov
2532,https://admin.kalina-malina.ru/api/v1/products/shashlyk-iz-file-bedra-v-u-ohl-ves
2311,https://admin.kalina-malina.ru/api/v1/products/shashlyk-kavkazskiy-sredniy-ves-1-300-kg-volkov
2313,https://admin.kalina-malina.ru/api/v1/products/shashlyk-firmennyy-sredniy-ves-1-300-kg-volkov
2307,https://admin.kalina-malina.ru/api/v1/products/shashlyk-temnoe-pivo-sredniy-ves-1-300-kg-volkov
1893,https://admin.kalina-malina.ru/api/v1/products/rebryshki-svinye-delikatesnye-sredniy-ves-1-300-kg-volkov
3043,https://admin.kalina-malina.ru/api/v1/products/kupaty-barbekyu-500-g
3044,https://admin.kalina-malina.ru/api/v1/products/kupaty-kurinye-500-g
40484,https://admin.kalina-malina.ru/api/v1/products/terpug-v-perechnom-marinade-v-u-zam-ves
5015,https://admin.kalina-malina.ru/api/v1/products/forel-cuckova-file-lomtik-slabosolyonoe-160-gr
40486,https://admin.kalina-malina.ru/api/v1/products/okun-pivikov-s-italyanskimi-travami-v-u-zam-ves
40483,https://admin.kalina-malina.ru/api/v1/products/skumbriya-v-slivochno-gribnom-marinade-v-u-zam-ves
22466,https://admin.kalina-malina.ru/api/v1/products/midii-v-chesnochnom-masle-0-15-kg
21062,https://admin.kalina-malina.ru/api/v1/products/dorado-dlya-zapekaniya-polufabrikat-v-u-zamorozhennyy-ves-sredniy-ves-0-850gr
40485,https://admin.kalina-malina.ru/api/v1/products/forel-s-limonom-v-u-zam-ves
2549,https://admin.kalina-malina.ru/api/v1/products/led-pishchevoy-sht
22502,https://admin.kalina-malina.ru/api/v1/products/farsh-svinoy-kat-v-ohl-0-4-kg
2996,https://admin.kalina-malina.ru/api/v1/products/farsh-podmoskovnyy-ohl-0-4-kg
1202,https://admin.kalina-malina.ru/api/v1/products/gulyash-delikatesnyy-svinnoy-sredniy-ves-1-100-kg
6641,https://admin.kalina-malina.ru/api/v1/products/bifsteks-aya-s-myasom-govyadiny-024-kg-zam
456,https://admin.kalina-malina.ru/api/v1/products/farsh-vyazemskiy-sredniy-ves-1-000kg-volkov
2452,https://admin.kalina-malina.ru/api/v1/products/tushka-utki-v-marinade-pikantnyy-v-pakete-dlya-zapekaniya
40469,https://admin.kalina-malina.ru/api/v1/products/otbivnaya-v-panirovke-pravilnyy-recept-ohl-ves-sredniy-ves-0-5kg
2626,https://admin.kalina-malina.ru/api/v1/products/stripsy-iz-kuricy-ohl-350-gr
2627,https://admin.kalina-malina.ru/api/v1/products/stripsy-iz-kuricy-ostrye-ohl-350-gr
21200,https://admin.kalina-malina.ru/api/v1/products/cyplenok-gril-v-marinade-barbekyu-v-u-ohl-ves
1195,https://admin.kalina-malina.ru/api/v1/products/cyplenok-tushka-pervogo-sorta-ohlazhdennaya-ot-andreya-nesterova-sredniy-ves-tushki-1-9-kg
348,https://admin.kalina-malina.ru/api/v1/products/farsh-originalnyy-sredniy-ves-1-000kg-volkov
3393,https://admin.kalina-malina.ru/api/v1/products/kotlety-iz-indeyki-nezhnye-zam-0-4-kg
2452,https://admin.kalina-malina.ru/api/v1/products/tushka-utki-v-marinade-pikantnyy-v-pakete-dlya-zapekaniya
33749,https://admin.kalina-malina.ru/api/v1/products/nabor-iz-myasa-utenka-dlya-ragu-ohl-sredniy-ves-900-gr
33751,https://admin.kalina-malina.ru/api/v1/products/file-grudki-utenka-ohl-ves-sredniy-ves-700-gr
848,https://admin.kalina-malina.ru/api/v1/products/ragu-svinoe-sredniy-ves-1-250-kg
33732,https://admin.kalina-malina.ru/api/v1/products/pechen-cyplyat-broylerov-ohl-sredniy-ves-700-gr
33743,https://admin.kalina-malina.ru/api/v1/products/sheya-cyplyat-broylerov-ohl-sredniy-ves-600-gr
33730,https://admin.kalina-malina.ru/api/v1/products/myshechnyy-zheludok-cyplyat-broylerov-ohl-sredniy-ves-800-gr
33717,https://admin.kalina-malina.ru/api/v1/products/golen-s-kozhey-cyplyat-broylerov-ohl-sredniy-ves-1-kg
33724,https://admin.kalina-malina.ru/api/v1/products/grudka-s-kozhey-cyplyat-broylerov-ohl-sredniy-ves-700-gr
33436,https://admin.kalina-malina.ru/api/v1/products/okorochok-beskostnyy-bez-kozhi-cyplyat-broylerov-podlozhka-ohl
22435,https://admin.kalina-malina.ru/api/v1/products/polutushka-utyat-v-marinade-brusnichno-klyukvennyy-v-u-ohl-ves
33738,https://admin.kalina-malina.ru/api/v1/products/serdce-cyplyat-broylerov-ohl-sredniy-ves-700-gr
33744,https://admin.kalina-malina.ru/api/v1/products/kurica-zheltaya-ohl-sredniy-ves-2-kg
33742,https://admin.kalina-malina.ru/api/v1/products/file-grudki-cyplyat-broylerov-ohl-sredniy-ves-1-kg
33716,https://admin.kalina-malina.ru/api/v1/products/bedryshko-cyplyat-broylerov-ohl-sredniy-ves-1-kg
33726,https://admin.kalina-malina.ru/api/v1/products/krylyshko-celoe-cyplyat-broylerov-ohl-sredniy-ves-1-kg
1932,https://admin.kalina-malina.ru/api/v1/products/tushka-broylera-ohl-sredniy-ves-1-800-kg-volkov
60,https://admin.kalina-malina.ru/api/v1/products/zakuska-zalivnaya-russkaya
1431,https://admin.kalina-malina.ru/api/v1/products/kolbasa-pepperoni-syrokopchenaya-245-gr-volkov
1723,https://admin.kalina-malina.ru/api/v1/products/kolbasa-na-okroshechku-varenaya-500gr-volkov
2058,https://admin.kalina-malina.ru/api/v1/products/servelat-orehovyy-p-k-200-g
2934,https://admin.kalina-malina.ru/api/v1/products/kolbasa-veneciya-s-k-v-u-porc-0-25-kg
2609,https://admin.kalina-malina.ru/api/v1/products/kolbasa-firmennaya-v-k-kat-a-v-u-0-3-kg
21199,https://admin.kalina-malina.ru/api/v1/products/kolbasa-elitnaya-s-k-kat-a-v-u-0-2-kg
1055,https://admin.kalina-malina.ru/api/v1/products/kolbasa-elitnaya-v-k-kat-a-0-35-kg
2039,https://admin.kalina-malina.ru/api/v1/products/kolbasa-kurinaya-delikatesnaya-syrokopchenaya-245-gr-volkov
2816,https://admin.kalina-malina.ru/api/v1/products/kolbasa-balykovaya-p-k-firm-sort-porc-nar-v-u-0-32-kg
2178,https://admin.kalina-malina.ru/api/v1/products/kolbasa-braunshveygskaya-syrokopchenaya-245-gr-volkov
2847,https://admin.kalina-malina.ru/api/v1/products/kolbasa-parmskaya-s-k-290-g
2201,https://admin.kalina-malina.ru/api/v1/products/kolbasa-domashnyaya-p-k-iz-myasa-pticy-v-u-ves
1453,https://admin.kalina-malina.ru/api/v1/products/kolbasa-ostakinskaya-var-kat-a-0-45-kg
27325,https://admin.kalina-malina.ru/api/v1/products/kolbasa-kuzbasskaya-v-k-300-gr
2931,https://admin.kalina-malina.ru/api/v1/products/kolbasa-ukrainskaya-p-k-kat-b-porc-nar-v-u-0-32-kg
911,https://admin.kalina-malina.ru/api/v1/products/kolbasa-shahterskaya-p-k-kat-b-n-o-v-u-0-45-kg
1103,https://admin.kalina-malina.ru/api/v1/products/kolbasa-krakovskaya-p-k-kat-b-v-u-0-41-kg
2848,https://admin.kalina-malina.ru/api/v1/products/salyami-georgievskaya-290-g
1869,https://admin.kalina-malina.ru/api/v1/products/servelat-klassicheskiy-v-k-340-g-volkov
1386,https://admin.kalina-malina.ru/api/v1/products/tort-pechenochnyy-sredniy-ves-0-580-kg
60,https://admin.kalina-malina.ru/api/v1/products/zakuska-zalivnaya-russkaya
1070,https://admin.kalina-malina.ru/api/v1/products/pastroma-tradicionnaya-sredniy-ves-0-220-kg
3305,https://admin.kalina-malina.ru/api/v1/products/chipsy-myasnushki-iz-svininy-pikantnye-40-g
7238,https://admin.kalina-malina.ru/api/v1/products/lomtiki-grevcova-syrovyalenye-iz-govyadiny-008-kg
463,https://admin.kalina-malina.ru/api/v1/products/bekon-tradicionnyy-sredniy-ves-0-300-kg
2623,https://admin.kalina-malina.ru/api/v1/products/okorok-tambovskiy-cena-za-300-g-2
455,https://admin.kalina-malina.ru/api/v1/products/balyk-svinoy-syrokopchenyy-sredniy-ves-upakovki-100-g
40667,https://admin.kalina-malina.ru/api/v1/products/sudzhuh-govyazhiy-armyanskiy-s-konyakom-s-v-ves-sredniy-ves-100-gr
1548,https://admin.kalina-malina.ru/api/v1/products/hladenec-iz-govyadiny-500-g
29138,https://admin.kalina-malina.ru/api/v1/products/salo-va-solenoe-tradicionnoe-ves
3367,https://admin.kalina-malina.ru/api/v1/products/lomtiki-syrovyalenye-iz-kuricy-s-kunzhutom-0-08-kg
29051,https://admin.kalina-malina.ru/api/v1/products/rulet-porketta-sredniy-ves-250-g
3060,https://admin.kalina-malina.ru/api/v1/products/chipsy-lugovcov-myasnushki-iz-indeyki-klassicheskie-40-g
49,https://admin.kalina-malina.ru/api/v1/products/holodec-po-domashnemu-iz-govyadiny-250-g-volkov
1375,https://admin.kalina-malina.ru/api/v1/products/mini-salyami-pivnaya-solomka-s-percem-s-k-80-g
2278,https://admin.kalina-malina.ru/api/v1/products/mini-salyami-pivnaya-solomka-s-k-80-g
507,https://admin.kalina-malina.ru/api/v1/products/studen-iz-kuricy-250-g
2468,https://admin.kalina-malina.ru/api/v1/products/holodec-derevenskiy-400-gr
40501,https://admin.kalina-malina.ru/api/v1/products/myaso-syrovyalenoe-iz-govyadiny-ves-sredniy-ves-200gr
1408,https://admin.kalina-malina.ru/api/v1/products/sardelki-svinye-sredniy-ves-upakovki-0-960-kg
2277,https://admin.kalina-malina.ru/api/v1/products/sosiski-osobye-ves-upakovki-400gr-volkov
1394,https://admin.kalina-malina.ru/api/v1/products/sosiski-doktorskie-400-g-volkov
1395,https://admin.kalina-malina.ru/api/v1/products/sosiski-vologodskie-ves-upakovki-0-400-kg-volkov
1100,https://admin.kalina-malina.ru/api/v1/products/sosiski-slivochnye
1089,https://admin.kalina-malina.ru/api/v1/products/shpikachki-moskvoreckie-kat-b-v-u
2182,https://admin.kalina-malina.ru/api/v1/products/sosiski-smetankovye-400-g-volkov
3308,https://admin.kalina-malina.ru/api/v1/products/sosiski-bergskie-kat-b-v-u-0-35-kg
1871,https://admin.kalina-malina.ru/api/v1/products/sosiski-vologodskie-cena-za-300-g-volkov
1872,https://admin.kalina-malina.ru/api/v1/products/shpikachki-moskvoreckie-volkov
556,https://admin.kalina-malina.ru/api/v1/products/sosiski-slivochnye-volkov
1989,https://admin.kalina-malina.ru/api/v1/products/sosiski-doktorskie-sredniy-ves-upakovki-1-kg
7234,https://admin.kalina-malina.ru/api/v1/products/pastet-format-sibiri-iz-myasa-indeiki-100g
1549,https://admin.kalina-malina.ru/api/v1/products/pashtet-klassicheskiy-100-g
1509,https://admin.kalina-malina.ru/api/v1/products/pashtet-iz-utinoy-pecheni-ot-tatyany-egorovoy-100g
703,https://admin.kalina-malina.ru/api/v1/products/pashtet-iz-pecheni-krolika-ot-tatyany-egorovoy-100-g
2209,https://admin.kalina-malina.ru/api/v1/products/pashtet-iz-kurinoy-pecheni-ot-tatyany-egorovoy-100-g
746,https://admin.kalina-malina.ru/api/v1/products/pashtet-iz-govyazhey-pecheni-ot-tatyany-egorovoy-100g
5108,https://admin.kalina-malina.ru/api/v1/products/pastet-format-sibiri-iz-peceni-indeiki-100g
22548,https://admin.kalina-malina.ru/api/v1/products/riet-iz-myasa-utki-0-1-kg
1997,https://admin.kalina-malina.ru/api/v1/products/buzhenina-iz-myasa-pticy-zapechennaya-sredniy-ves-0-400-kg
857,https://admin.kalina-malina.ru/api/v1/products/file-pticy-v-obsypke-smes-speciy
1281,https://admin.kalina-malina.ru/api/v1/products/rulet-pikantnyy-v-k-v-u-porc-nar
22462,https://admin.kalina-malina.ru/api/v1/products/zheludki-cyplenka-broylera-k-v-0-255-kg
22463,https://admin.kalina-malina.ru/api/v1/products/krylyshki-baffalo-k-v-0-255-kg
22464,https://admin.kalina-malina.ru/api/v1/products/hryashchik-cyplenka-broylera-k-v-0-255-kg
22529,https://admin.kalina-malina.ru/api/v1/products/pechen-broylera-zapechennaya-0-255-kg
23527,https://admin.kalina-malina.ru/api/v1/products/krendel-myasnoy-s-k-kat-a-v-u-0-11kg
1927,https://admin.kalina-malina.ru/api/v1/products/tushka-kurinaya-zapechennaya-sredniy-ves-1-400-kg
1951,https://admin.kalina-malina.ru/api/v1/products/rulet-pikantnyy-s-gribami-sredniy-ves-0-370-kg
1966,https://admin.kalina-malina.ru/api/v1/products/rulet-pikantnyy-s-chesnokom-i-percem-sredniy-ves-0-380-kg
1969,https://admin.kalina-malina.ru/api/v1/products/file-cyplenka-s-k-sredniy-ves-0-120-kg
1562,https://admin.kalina-malina.ru/api/v1/products/zapekanka-iz-kurinoy-pecheni-s-grechkoy-sredniy-ves-0-260-kg
505,https://admin.kalina-malina.ru/api/v1/products/galantin-iz-myasa-cb-s-syrom
40540,https://admin.kalina-malina.ru/api/v1/products/syr-bri-0-125kg
390,https://admin.kalina-malina.ru/api/v1/products/syr-hallumi-ves
530,https://admin.kalina-malina.ru/api/v1/products/syr-tofu-ot-vladimira-gubina-200-g
470,https://admin.kalina-malina.ru/api/v1/products/syr-tofu-kopchenyy-ot-vladimira-gubina-200-g
687,https://admin.kalina-malina.ru/api/v1/products/syr-kachokavallo-altayskiy-ot-denisa-pomiluyko-sredniy-ves-1-sht-180-g
3258,https://admin.kalina-malina.ru/api/v1/products/syr-kachotta-altayskaya-ot-kuzmina-petra
1628,https://admin.kalina-malina.ru/api/v1/products/syr-mantova
40542,https://admin.kalina-malina.ru/api/v1/products/syr-belper-knolle-v-kofe-0-08kg
531,https://admin.kalina-malina.ru/api/v1/products/syr-bulochka-podkopchenaya-ot-denisa-pomiluyko-sredniy-ves-1-sht-260-g
959,https://admin.kalina-malina.ru/api/v1/products/syr-belper-knolle-v-chernom-perce-50-gr
40543,https://admin.kalina-malina.ru/api/v1/products/syr-belper-knolle-v-provanskih-travah-0-08kg
407,https://admin.kalina-malina.ru/api/v1/products/syr-baton-islandiya-polutverdyy-ot-denisa-pomiluyko-sredniy-ves-1-sht-200-g
688,https://admin.kalina-malina.ru/api/v1/products/syr-provolone-altayskiy-ot-denisa-pomiluyko-sredniy-ves-1-sht-180-g
1170,https://admin.kalina-malina.ru/api/v1/products/syr-k-pivu-s-chesnokom-70-gr
1345,https://admin.kalina-malina.ru/api/v1/products/syr-svezhiy-myagkiy-ves
1730,https://admin.kalina-malina.ru/api/v1/products/syr-belper-knolle-v-chernom-perce-80-g
21036,https://admin.kalina-malina.ru/api/v1/products/syr-formula-altayskiy-belper-knole-vyderzhannyy-s-paprikoy-50gr
687,https://admin.kalina-malina.ru/api/v1/products/syr-kachokavallo-altayskiy-ot-denisa-pomiluyko-sredniy-ves-1-sht-180-g
1346,https://admin.kalina-malina.ru/api/v1/products/syr-svezhiy-kopchenyy-myagkiy-ot-denisa-pomiluyko-sredniy-ves-1sht-200gr
1171,https://admin.kalina-malina.ru/api/v1/products/syr-k-pivu-s-paprikoy-70-gr
409,https://admin.kalina-malina.ru/api/v1/products/syr-baton-s-vishney-polutverdyy-ot-denisa-pomiluyko-sredniy-ves-1-sht-200-g
64,https://admin.kalina-malina.ru/api/v1/products/tvorog-detskiy-n-4-100-g
1487,https://admin.kalina-malina.ru/api/v1/products/bifidokefir-kapelka-3-2-200-g
1701,https://admin.kalina-malina.ru/api/v1/products/moloko-otbornoe-celnoe-pasterizovannoe-3-4-6-ot-eduarda-burakova-1-l
1745,https://admin.kalina-malina.ru/api/v1/products/moloko-otbornoe-celnoe-pasterizovannoe-3-4-6-ot-eduarda-burakova-1-5-l
22447,https://admin.kalina-malina.ru/api/v1/products/moloko-balbin-celnoe-pasterizovannoe-mdzh-3-6-4-2-0-5l
2644,https://admin.kalina-malina.ru/api/v1/products/moloko-korchagina-taezhnoe-sgushchennoe-120-ml
22451,https://admin.kalina-malina.ru/api/v1/products/moloko-balbin-celnoe-pasterizovannoe-mdzh-3-6-4-2-1l
3252,https://admin.kalina-malina.ru/api/v1/products/ryazhenka-podvore-2-5-0-5-kg
22497,https://admin.kalina-malina.ru/api/v1/products/moloko-balbin-celnoe-pasterizovannoe-mdzh-3-6-4-2-2l
1764,https://admin.kalina-malina.ru/api/v1/products/moloko-toplenoe-2-5-ot-eduarda-burakova-500-ml
1700,https://admin.kalina-malina.ru/api/v1/products/moloko-pasterizovannoe-2-5-ot-eduarda-burakova-1-l
126,https://admin.kalina-malina.ru/api/v1/products/yogurt-koziy-0-33l-so-zlakami-mdzh-2-8-5-6
2499,https://admin.kalina-malina.ru/api/v1/products/yogurt-sibprod-koziy-3-5-180g-zhimolost
766,https://admin.kalina-malina.ru/api/v1/products/yogurt-koziy-0-33l-vishnya
767,https://admin.kalina-malina.ru/api/v1/products/yogurt-koziy-0-33l-zemlyanika
25261,https://admin.kalina-malina.ru/api/v1/products/maslo-soglasie-slivochnoe-tradicionnoe-82-5-0-2kg
1366,https://admin.kalina-malina.ru/api/v1/products/maslo-slivochnoe-shokoladnoe-62-ot-eduarda-burakova-200-gr
823,https://admin.kalina-malina.ru/api/v1/products/maslo-tradicionnoe-82-5-ot-ivana-balbina-200-g
525,https://admin.kalina-malina.ru/api/v1/products/smetana-10-25-ot-ivana-balbina-400-g
710,https://admin.kalina-malina.ru/api/v1/products/smetana-15-ot-svetlany-lazutkinoy-200-g
713,https://admin.kalina-malina.ru/api/v1/products/smetana-10-ot-eduarda-burakova-400-g
2649,https://admin.kalina-malina.ru/api/v1/products/smetana-balbin-20-250g
712,https://admin.kalina-malina.ru/api/v1/products/smetana-10-ot-eduarda-burakova-200-g
553,https://admin.kalina-malina.ru/api/v1/products/smetana-15-ot-iriny-rydel-200-g
140,https://admin.kalina-malina.ru/api/v1/products/tvorozhnaya-massa-malina-130-g
21206,https://admin.kalina-malina.ru/api/v1/products/tvorozhnaya-massa-milkmaster-s-izyumom-mdzh-5-5-0-2gr
22559,https://admin.kalina-malina.ru/api/v1/products/tvorog-abrikos-5-0-130-kg
1189,https://admin.kalina-malina.ru/api/v1/products/tvorog-5-250-gr
1693,https://admin.kalina-malina.ru/api/v1/products/tvorozhnaya-massa-klubnika-5-ot-eduarda-burakova-200-g
141,https://admin.kalina-malina.ru/api/v1/products/tvorozhnaya-massa-130-g
9896,https://admin.kalina-malina.ru/api/v1/products/iogurt-lobanova-500-ml-so-zlakami
22445,https://admin.kalina-malina.ru/api/v1/products/yogurt-mk-so-zlakami-mdzh-4-500-ml
40520,https://admin.kalina-malina.ru/api/v1/products/yogurt-soglasie-persik-marakuyya-0-33kg
611,https://admin.kalina-malina.ru/api/v1/products/yogurt-koroviy-330-ml-smorodina
1694,https://admin.kalina-malina.ru/api/v1/products/yogurt-chernika-4-ot-eduarda-burakova-500-ml
5410,https://admin.kalina-malina.ru/api/v1/products/iogurt-lobanova-500-ml-cernika
2444,https://admin.kalina-malina.ru/api/v1/products/yogurt-sibprod-koziy-3-5-180ml-chernika-n
2499,https://admin.kalina-malina.ru/api/v1/products/yogurt-sibprod-koziy-3-5-180g-zhimolost
10850,https://admin.kalina-malina.ru/api/v1/products/iogurt-lobanova-500-ml-naturalnyi
909,https://admin.kalina-malina.ru/api/v1/products/bioyogurt-zakvaska-2-g-h-5-pak
1265,https://admin.kalina-malina.ru/api/v1/products/yogurt-iz-celnogo-moloka-klubnika-3-5-ot-sergeya-zybina-250-ml
40580,https://admin.kalina-malina.ru/api/v1/products/yogurt-kivi-0-5l
2745,https://admin.kalina-malina.ru/api/v1/products/yogurt-soglasie-koroviy-2-330ml-klubnika
22542,https://admin.kalina-malina.ru/api/v1/products/yogurt-koziy-naturalnyy-2-8-5-6-0-33-l
676,https://admin.kalina-malina.ru/api/v1/products/yogurt-iz-celnogo-moloka-zhimolost-3-5-ot-sergeya-zybina-250-ml
1729,https://admin.kalina-malina.ru/api/v1/products/yogurt-oblepiha-ot-ivana-balbina-330ml
2443,https://admin.kalina-malina.ru/api/v1/products/yogurt-sibprod-koziy-3-5-180ml-klubnika-n
8464,https://admin.kalina-malina.ru/api/v1/products/iogurt-lobanova-500-ml-klubnika
7237,https://admin.kalina-malina.ru/api/v1/products/ravioli-cavkin-s-syrom-i-gribami-05-kg
2175,https://admin.kalina-malina.ru/api/v1/products/napitok-kislomolochnyy-snezhok-sladkiy-2-5-ot-eduarda-burakova-500-g
1068,https://admin.kalina-malina.ru/api/v1/products/tan-ot-vasila-arutyunyan-1-kg
1742,https://admin.kalina-malina.ru/api/v1/products/kefir-2-5-ot-eduarda-burakova-500-g
89,https://admin.kalina-malina.ru/api/v1/products/narilak-probiotik-250g
40581,https://admin.kalina-malina.ru/api/v1/products/kefir-klubnika-3-2-0-25l
526,https://admin.kalina-malina.ru/api/v1/products/kefir-2-5-ot-ivana-balbina-500-ml
1382,https://admin.kalina-malina.ru/api/v1/products/ryazhenka-2-5-ot-eduarda-burakova-500-g
3371,https://admin.kalina-malina.ru/api/v1/products/tomaty-vg-marinovannye-celye-0-95-l
1010,https://admin.kalina-malina.ru/api/v1/products/macun-klassicheskiy-3-2-ot-vasila-arutyunyana-1-kg
1116,https://admin.kalina-malina.ru/api/v1/products/narine-forte-300-ml
3338,https://admin.kalina-malina.ru/api/v1/products/yayco-babichev-stolovoe-kategoriya-s1-desyatok
2504,https://admin.kalina-malina.ru/api/v1/products/yayco-nesterov-kurinoe-stolovoe-kategorii-s1-10sht
3339,https://admin.kalina-malina.ru/api/v1/products/yayco-babichev-stolovoe-kategoriya-s0-desyatok
19,https://admin.kalina-malina.ru/api/v1/products/yayco-perepelinoe-pishchevoe-20-sht
2136,https://admin.kalina-malina.ru/api/v1/products/manty-kolesnikov-klassicheskie-450g-korobka
2128,https://admin.kalina-malina.ru/api/v1/products/vareniki-petrochenko-s-tvorogom-500g-korobka
21041,https://admin.kalina-malina.ru/api/v1/products/pelmeni-firmennye-kurinye-zam-0-4-kg
2140,https://admin.kalina-malina.ru/api/v1/products/pelmeni-aya-iz-indeyki-500g-korobka
21037,https://admin.kalina-malina.ru/api/v1/products/pelmeni-moskovskie-kat-b-zam-0-6-kg
21038,https://admin.kalina-malina.ru/api/v1/products/pelmeni-zastolnye-kat-v-zam-0-6-kg
1542,https://admin.kalina-malina.ru/api/v1/products/pelmeni-iz-gorbushi-zam-0-4kg
22475,https://admin.kalina-malina.ru/api/v1/products/hinkali-carskie-zam-0-5-kg
2566,https://admin.kalina-malina.ru/api/v1/products/pelmeni-aya-domashnie-500g-zam
21039,https://admin.kalina-malina.ru/api/v1/products/pelmeni-myasnye-kat-b-zam-0-8-kg
2133,https://admin.kalina-malina.ru/api/v1/products/pelmeni-kolesnikov-raduga-250g-korobka
40607,https://admin.kalina-malina.ru/api/v1/products/pelmeni-aya-gedza-zam-0-28-kg
2125,https://admin.kalina-malina.ru/api/v1/products/vareniki-petrochenko-s-kartofelem-i-gribami-500g-korobka
2127,https://admin.kalina-malina.ru/api/v1/products/vareniki-petrochenko-s-kvashenoy-kapustoy-i-shkvarkami-500g-korobka
22450,https://admin.kalina-malina.ru/api/v1/products/vareniki-s-syrom-i-zelenyu-zam-0-4-kg
2141,https://admin.kalina-malina.ru/api/v1/products/pelmeni-aya-iz-myasa-olenya-500g-korobka
3201,https://admin.kalina-malina.ru/api/v1/products/hinkali-aya-s-myasom-govyadiny-400g
21040,https://admin.kalina-malina.ru/api/v1/products/pelmeni-myasnye-s-kapustoy-kat-v-zam-0-8-kg
22474,https://admin.kalina-malina.ru/api/v1/products/manty-pikantnye-kurinye-zam-0-6-kg
22476,https://admin.kalina-malina.ru/api/v1/products/vareniki-s-tvorogom-zam-0-4-kg
58,https://admin.kalina-malina.ru/api/v1/products/golubcy-farshirovannye-po-domashnemu-1-kg-volkov
2195,https://admin.kalina-malina.ru/api/v1/products/naggetsy-kurinye-zamorozhennye-360-g
2137,https://admin.kalina-malina.ru/api/v1/products/kotlety-aya-iz-indeyki-500g-korobka
1452,https://admin.kalina-malina.ru/api/v1/products/kotlety-s-morkovyu-iz-sudaka-zam-0-4kg
2131,https://admin.kalina-malina.ru/api/v1/products/kotlety-alshin-iz-shchuki-parabelskie-490g-korobka
1443,https://admin.kalina-malina.ru/api/v1/products/perec-farshirovannyy-myasom-i-risom-1-kg-volkov
21048,https://admin.kalina-malina.ru/api/v1/products/kotlety-lyubitelskie-kat-v-zam-0-6-kg
3313,https://admin.kalina-malina.ru/api/v1/products/kotlety-kurinye-zam-0-6-kg-kraft
2134,https://admin.kalina-malina.ru/api/v1/products/kotlety-kolesnikov-po-domashnemu-450g-korobka
1082,https://admin.kalina-malina.ru/api/v1/products/kotlety-iz-shchuki-zam-0-4kg
2138,https://admin.kalina-malina.ru/api/v1/products/kotlety-aya-iz-sudaka-500g-korobka
3384,https://admin.kalina-malina.ru/api/v1/products/kotlety-de-volyay-s-maslom-i-petrushkoy-zam-0-48-kg
3393,https://admin.kalina-malina.ru/api/v1/products/kotlety-iz-indeyki-nezhnye-zam-0-4-kg
3392,https://admin.kalina-malina.ru/api/v1/products/kotleta-po-kievski-zam-0-48-kg
351,https://admin.kalina-malina.ru/api/v1/products/syrniki-iz-tvoroga-zam-0-42-kg
11659,https://admin.kalina-malina.ru/api/v1/products/blinciki-s-nacinkoi-iz-myasa-s-risom-zam-048-kg
11740,https://admin.kalina-malina.ru/api/v1/products/blinciki-s-kuricei-i-risom-zam-048-kg
12505,https://admin.kalina-malina.ru/api/v1/products/blinciki-s-visnevym-dzemom-zam-048-kg
12435,https://admin.kalina-malina.ru/api/v1/products/blinciki-s-tvoroznoi-nacinkoi-zam-048-kg
2951,https://admin.kalina-malina.ru/api/v1/products/picca-rimskaya-gavayskaya-zam-450-g
2948,https://admin.kalina-malina.ru/api/v1/products/picca-rimskaya-4-syra-zam-450-g
2950,https://admin.kalina-malina.ru/api/v1/products/picca-rimskaya-cyplenok-s-rozmarinom-zam-450-g
2949,https://admin.kalina-malina.ru/api/v1/products/picca-rimskaya-margarita-zam-450-g
2173,https://admin.kalina-malina.ru/api/v1/products/borshch-250-gr-volkov
3322,https://admin.kalina-malina.ru/api/v1/products/sup-rybnyy-s-moreproduktami-0-380-kg
2694,https://admin.kalina-malina.ru/api/v1/products/sup-s-frikadelkami
2823,https://admin.kalina-malina.ru/api/v1/products/sup-gorohovyy-0-25-kg
1836,https://admin.kalina-malina.ru/api/v1/products/ryba-zapechennaya-mintay-s-kartofelnym-pyure-0-25-kg
3323,https://admin.kalina-malina.ru/api/v1/products/pasta-boloneze-0-2-kg
2107,https://admin.kalina-malina.ru/api/v1/products/kurinaya-grudka-zapechennaya-s-ovoshchami-250gr-volkov
1091,https://admin.kalina-malina.ru/api/v1/products/vok-s-govyadinoy-0-25-kg
66,https://admin.kalina-malina.ru/api/v1/products/salat-grecheskiy-0-2-kg
243,https://admin.kalina-malina.ru/api/v1/products/salat-cezar-s-kuricey-180-gr-volkov
21358,https://admin.kalina-malina.ru/api/v1/products/salat-olive-s-kolbasoy-0-15-kg
2274,https://admin.kalina-malina.ru/api/v1/products/salat-vitaminnyy-150-g
40516,https://admin.kalina-malina.ru/api/v1/products/salat-iz-morkovi-600-gr-po-koreyski
1244,https://admin.kalina-malina.ru/api/v1/products/bliny-s-klubnikoy-i-shokoladnoy-pastoy-205-g
22522,https://admin.kalina-malina.ru/api/v1/products/bliny-s-maslom-0-195-kg
40507,https://admin.kalina-malina.ru/api/v1/products/bliny-s-myasom-205-gr
257,https://admin.kalina-malina.ru/api/v1/products/bliny-s-kuricey-i-gribnym-zhyulenom-205-gr-volkov
37168,https://admin.kalina-malina.ru/api/v1/products/pankeyki-norenko-proteinovye-bananovye-170-gr
21214,https://admin.kalina-malina.ru/api/v1/products/syrniki-iz-tvoroga-s-rikottoy-i-s-cedroy-limona-ohl-0-13-kg
256,https://admin.kalina-malina.ru/api/v1/products/kasha-risovaya-s-tykvoy-0-250-kg
23046,https://admin.kalina-malina.ru/api/v1/products/omlet-s-bekonom-0-21kg
2993,https://admin.kalina-malina.ru/api/v1/products/shaurma-po-domashnemu-s-kuricey-ostraya-250-g
2432,https://admin.kalina-malina.ru/api/v1/products/shashlyk-iz-file-cyplenka-v-lavashe-0-4-kg
32217,https://admin.kalina-malina.ru/api/v1/products/sendvich-s-govyadinoy-0-105kg
12531,https://admin.kalina-malina.ru/api/v1/products/sendvic-s-servelatom-i-amerikanskim-sousom-0105-kg
3202,https://admin.kalina-malina.ru/api/v1/products/vasabi-shchedilov-sashe-5g
2361,https://admin.kalina-malina.ru/api/v1/products/imbir-marinovannyy-30-gr-sht-volkov
22514,https://admin.kalina-malina.ru/api/v1/products/nabor-roll-2-filadelfiya-s-ogurcom-i-roll-lava-unagi-ohl-0-2-kg
2362,https://admin.kalina-malina.ru/api/v1/products/sous-soevyy-40-gr-sht-volkov
572,https://admin.kalina-malina.ru/api/v1/products/krylya-kurinye-v-marinade-chilli-villi-gril-ves
31315,https://admin.kalina-malina.ru/api/v1/products/kesadilya-s-kuricey-pomidorom-i-syrom-180-gr
2626,https://admin.kalina-malina.ru/api/v1/products/stripsy-iz-kuricy-ohl-350-gr
29718,https://admin.kalina-malina.ru/api/v1/products/krylyshki-klassicheskie-k-v-c-b-v-s-ohl-mgs-0-5-kg
31315,https://admin.kalina-malina.ru/api/v1/products/kesadilya-s-kuricey-pomidorom-i-syrom-180-gr
3189,https://admin.kalina-malina.ru/api/v1/products/puri-gruzinskiy-400-g
10804,https://admin.kalina-malina.ru/api/v1/products/ravioli-cavkin-s-syrom-i-zelenyu-05-kg
1310,https://admin.kalina-malina.ru/api/v1/products/maslo-podsolnechnoe-nerafinirovannoe-0-5l
2037,https://admin.kalina-malina.ru/api/v1/products/maslo-kedrovoe-nerafinirovannoe-ot-tatyany-dmitrievoy-100ml
444,https://admin.kalina-malina.ru/api/v1/products/maslo-podsolnechnoe-syrodavlennoe-500-ml
1278,https://admin.kalina-malina.ru/api/v1/products/maslo-rastoropshi-nerafinirovannoe-ot-tatyany-dmitrievoy-250-ml
656,https://admin.kalina-malina.ru/api/v1/products/maslo-podsolnechnoe-nerafinirovannoe-ot-tatyany-sheverdinoy-1-l
1275,https://admin.kalina-malina.ru/api/v1/products/maslo-lnyanoe-nerafinirovannoe-ot-tatyany-dmitrievoy-500-ml
274,https://admin.kalina-malina.ru/api/v1/products/maslo-podsolnechnoe-altayskoe-naturalnoe-nerafinirovannoe-pervyy-sort-ot-aleksandra-balakova-500-ml
1274,https://admin.kalina-malina.ru/api/v1/products/maslo-lnyanoe-nerafinirovannoe-ot-tatyany-dmitrievoy-250-ml
2272,https://admin.kalina-malina.ru/api/v1/products/maslo-podsolnechnoe-altayskoe-naturalnoe-nerafinirovannoe-pervyy-sort-ot-aleksandra-balakova-1-l
2041,https://admin.kalina-malina.ru/api/v1/products/maslo-kedrovoe-nerafinirovannoe-ot-vyacheslava-danilkina-100-ml
2100,https://admin.kalina-malina.ru/api/v1/products/kisel-chernichnyy-ot-aleksandra-popova-200-g
1441,https://admin.kalina-malina.ru/api/v1/products/kisel-oblepihovyy-ot-aleksandra-popova-200-g
1372,https://admin.kalina-malina.ru/api/v1/products/kisel-brusnichnyy-ot-aleksandra-popova-200-g
29493,https://admin.kalina-malina.ru/api/v1/products/lapsha-domashnyaya-0-25kg
29494,https://admin.kalina-malina.ru/api/v1/products/lapsha-domashnyaya-dlya-supa-0-25kg
29492,https://admin.kalina-malina.ru/api/v1/products/lapsha-domashnyaya-spiral-0-45kg
2889,https://admin.kalina-malina.ru/api/v1/products/sous-karri-originalnyy-50-g
2509,https://admin.kalina-malina.ru/api/v1/products/sous-orehovyy-250ml
3079,https://admin.kalina-malina.ru/api/v1/products/sous-zosimova-barbekyu-270-gr
3306,https://admin.kalina-malina.ru/api/v1/products/salsa-belyavcev-tradicionnaya-350-ml
7252,https://admin.kalina-malina.ru/api/v1/products/sous-mensikov-tar-tar-250-ml
2372,https://admin.kalina-malina.ru/api/v1/products/sous-klassicheskiy-50-g
2371,https://admin.kalina-malina.ru/api/v1/products/sous-tar-tar-50-g
3202,https://admin.kalina-malina.ru/api/v1/products/vasabi-shchedilov-sashe-5g
40627,https://admin.kalina-malina.ru/api/v1/products/sous-sacebeli-0-25l
3080,https://admin.kalina-malina.ru/api/v1/products/sous-zosimova-iz-taezhnoy-brusniki-270-gr
40628,https://admin.kalina-malina.ru/api/v1/products/sous-tomatnyy-meksikanskiy-0-25l
3081,https://admin.kalina-malina.ru/api/v1/products/sous-zosimova-iz-taezhnoy-zhimolosti-270-gr
3082,https://admin.kalina-malina.ru/api/v1/products/sous-zosimova-ketchup-domashniy-330-g
2675,https://admin.kalina-malina.ru/api/v1/products/mayonez-provans-250ml
2377,https://admin.kalina-malina.ru/api/v1/products/gorchica-ostraya-na-rassole-s-medom-ot-mihaila-menshikova-100-ml
2362,https://admin.kalina-malina.ru/api/v1/products/sous-soevyy-40-gr-sht-volkov
2373,https://admin.kalina-malina.ru/api/v1/products/sous-meksikanskiy-50-g
10407,https://admin.kalina-malina.ru/api/v1/products/sous-mensikov-cezar-250-ml
2676,https://admin.kalina-malina.ru/api/v1/products/sous-chesnochnyy-250ml
2353,https://admin.kalina-malina.ru/api/v1/products/hrenovina-zakuska-ovoshchnaya-ot-olega-zhdanova-350-ml
1613,https://admin.kalina-malina.ru/api/v1/products/hleb-poleznyy-pshenichnyy-ot-krestiny-afonasevoy-400-g
879,https://admin.kalina-malina.ru/api/v1/products/hleb-tykvennyy-pshenichno-rzhanoy-s-rozmarinom-ot-fermera-pavla-kirdyashova-450g
2691,https://admin.kalina-malina.ru/api/v1/products/keks-suvorov-prazdnichnyy-320-gr
1472,https://admin.kalina-malina.ru/api/v1/products/hleb-s-polboy-pshenichnyy-350g
2356,https://admin.kalina-malina.ru/api/v1/products/lepeshka-po-kavkazski
1662,https://admin.kalina-malina.ru/api/v1/products/baget-pshenichnyy-200g
622,https://admin.kalina-malina.ru/api/v1/products/hleb-iz-proroshchennyh-zeren-grechihi-bezglyutenovyy-320-g
1474,https://admin.kalina-malina.ru/api/v1/products/hleb-pshenichno-rzhanoy-na-zakvaske-400g
878,https://admin.kalina-malina.ru/api/v1/products/hleb-kupecheskiy-pshenichno-rzhanoy-s-vyalenoy-klyukvoy-450g-v-pakete
1378,https://admin.kalina-malina.ru/api/v1/products/kruassan-zam-0-15-kg
1758,https://admin.kalina-malina.ru/api/v1/products/lavash-rzhanoy-bezdrozhzhevoy-ot-saro-chidilyan-120-g
2691,https://admin.kalina-malina.ru/api/v1/products/keks-suvorov-prazdnichnyy-320-gr
2814,https://admin.kalina-malina.ru/api/v1/products/rom-baba-suvorov-130gr
2898,https://admin.kalina-malina.ru/api/v1/products/bulochki-dlya-burgera-soloyan-180-gr
700,https://admin.kalina-malina.ru/api/v1/products/griby-gruzdi-solenye-ot-petra-tabarykina-2-l-1-5-kg
2081,https://admin.kalina-malina.ru/api/v1/products/ikra-gribnaya-ot-igorya-bac-250-g
2078,https://admin.kalina-malina.ru/api/v1/products/griby-gruzdi-soleno-otvarnye-rezanye-ot-igorya-bac-500-ml
2087,https://admin.kalina-malina.ru/api/v1/products/griby-gruzdi-solenye-rezanye-ot-petra-tabarykina-500-ml
583,https://admin.kalina-malina.ru/api/v1/products/gruzdi-solenye-900-ml-700gr
3261,https://admin.kalina-malina.ru/api/v1/products/griby-byakina-shampinony-marinovannye-po-domashnemu-celye-300-gr
7706,https://admin.kalina-malina.ru/api/v1/products/griby-davydov-belye-marinovannye-095-l
40570,https://admin.kalina-malina.ru/api/v1/products/zakuska-ds-gribnaya-iz-gruzdey-0-25-l
2181,https://admin.kalina-malina.ru/api/v1/products/med-s-kedrovymi-oreshkami-ot-ivana-saenko-140-g
1356,https://admin.kalina-malina.ru/api/v1/products/varene-iz-zhimolosti-ot-evgeniya-trubeckogo-260-ml
39326,https://admin.kalina-malina.ru/api/v1/products/podarochnyy-nabor-kokin-sibirskoe-assorti-0-549kg
634,https://admin.kalina-malina.ru/api/v1/products/med-taezhnyy-ot-alekseya-kulikova-500-g
1456,https://admin.kalina-malina.ru/api/v1/products/varene-iz-taezhnoy-maliny-ot-olgi-zosimovoy-120g
3168,https://admin.kalina-malina.ru/api/v1/products/sbiten-davydov-iz-sosnovoy-shishki-taezhnaya-zagadka
3169,https://admin.kalina-malina.ru/api/v1/products/sbiten-davydov-iz-sosnovoy-shishki-oblepihovaya-skazka
3389,https://admin.kalina-malina.ru/api/v1/products/varene-brusnika-s-myatoy-v-sosnovom-sirope-0-2-l
805,https://admin.kalina-malina.ru/api/v1/products/med-raznotrave-ot-ivana-saenko-435-g
548,https://admin.kalina-malina.ru/api/v1/products/med-grechishnyy-ot-valeriya-kokina-450-g
3760,https://admin.kalina-malina.ru/api/v1/products/varene-kokin-iz-sosnovyx-sisek-250ml
39327,https://admin.kalina-malina.ru/api/v1/products/med-saenko-taezhnyy-1-3kg
3167,https://admin.kalina-malina.ru/api/v1/products/sbiten-davydov-iz-sosnovoy-shishki-zolotoy-imbir
2010,https://admin.kalina-malina.ru/api/v1/products/krem-med-kokin-s-chernikoy-240g
547,https://admin.kalina-malina.ru/api/v1/products/med-donnikovyy-ot-valeriya-kokina-450-g
3391,https://admin.kalina-malina.ru/api/v1/products/varene-iz-cheremuhi-0-2-l
667,https://admin.kalina-malina.ru/api/v1/products/varene-iz-sosnovyh-shishek-s-kedrovym-orehom-ot-denisa-davydova-200-ml
1364,https://admin.kalina-malina.ru/api/v1/products/varene-iz-sosnovyh-shishek-ot-evgeniya-trubeckogo-260-ml
39325,https://admin.kalina-malina.ru/api/v1/products/podarochnyy-nabor-kokin-medovoe-assorti-1-32kg
3180,https://admin.kalina-malina.ru/api/v1/products/pasta-strukova-kokosovaya-manna-0-2-kg
40579,https://admin.kalina-malina.ru/api/v1/products/kapusta-marinovannaya-krasnokochannaya-s-imbirem-1kg
2090,https://admin.kalina-malina.ru/api/v1/products/ikra-iz-kabachkov-ot-olgi-zosimovoy-250-g
2388,https://admin.kalina-malina.ru/api/v1/products/kapusta-v-marinade-s-morkovyu
770,https://admin.kalina-malina.ru/api/v1/products/tomaty-marinovannye-ot-olega-zhdanova-3-0-l
3370,https://admin.kalina-malina.ru/api/v1/products/ogurcy-vg-marinovannye-celye-0-95-l
40632,https://admin.kalina-malina.ru/api/v1/products/tomaty-marinovannye-0-72-l
360,https://admin.kalina-malina.ru/api/v1/products/kapusta-ostraya-belokachannaya-marinovannaya-s-morkovyu-ot-denina-petrochenko-300-g
3049,https://admin.kalina-malina.ru/api/v1/products/kapusta-pozdnyakov-kvashenaya-1kg
40578,https://admin.kalina-malina.ru/api/v1/products/kapusta-marinovannaya-krasnokochannaya-s-imbirem-0-3kg
2389,https://admin.kalina-malina.ru/api/v1/products/kapusta-v-marinade-s-morkovyu-300-g
1614,https://admin.kalina-malina.ru/api/v1/products/kapusta-belokochannaya-marinovannaya-s-morkovyu-1kg
393,https://admin.kalina-malina.ru/api/v1/products/ikra-format-sibiri-kabachkovaya-230g
3084,https://admin.kalina-malina.ru/api/v1/products/tomaty-vyalenye-strukova-250-ml
40600,https://admin.kalina-malina.ru/api/v1/products/ogurcy-marinovannye-celye-0-9-l
22528,https://admin.kalina-malina.ru/api/v1/products/tomaty-zosimova-marinovannye-celye-0-9-l
40537,https://admin.kalina-malina.ru/api/v1/products/zakuska-davydov-iz-gruzdey-v-souse-kim-chi-0-2-kg
2353,https://admin.kalina-malina.ru/api/v1/products/hrenovina-zakuska-ovoshchnaya-ot-olega-zhdanova-350-ml
40570,https://admin.kalina-malina.ru/api/v1/products/zakuska-ds-gribnaya-iz-gruzdey-0-25-l
1615,https://admin.kalina-malina.ru/api/v1/products/kapusta-belokochannaya-marinovannaya-s-morkovyu-ot-denisa-petrochenko-300-g
3065,https://admin.kalina-malina.ru/api/v1/products/govyadina-tushenaya-v-s-338-gr
3066,https://admin.kalina-malina.ru/api/v1/products/myaso-utki-pryanaya-s-koriandrom-290-gr
2326,https://admin.kalina-malina.ru/api/v1/products/myaso-kur-v-sobstvennom-soku-350-g
2328,https://admin.kalina-malina.ru/api/v1/products/svinina-tushenaya-338-g
2322,https://admin.kalina-malina.ru/api/v1/products/govyadina-tushenaya-338-g
2603,https://admin.kalina-malina.ru/api/v1/products/svinina-rrk-sibir-tushenaya-v-s-525-gr
2327,https://admin.kalina-malina.ru/api/v1/products/baranina-tushenaya-338-g
3064,https://admin.kalina-malina.ru/api/v1/products/svinina-tushenaya-v-s-338-gr
3273,https://admin.kalina-malina.ru/api/v1/products/kasha-perlovaya-s-govyadinoy-0-34-kg
2604,https://admin.kalina-malina.ru/api/v1/products/govyadina-tushenaya-v-s-525gr
2331,https://admin.kalina-malina.ru/api/v1/products/myaso-indeek-v-sobstvennom-soku-350-gr
3087,https://admin.kalina-malina.ru/api/v1/products/dzhem-oblepiha-myata-200-g
3085,https://admin.kalina-malina.ru/api/v1/products/dzhem-vishnya-rozmarin-200-g
40558,https://admin.kalina-malina.ru/api/v1/products/dzhem-tykva-apelsin-0-2kg
40559,https://admin.kalina-malina.ru/api/v1/products/dzhem-nevedrov-vishnya-morkov-0-2-kg
37168,https://admin.kalina-malina.ru/api/v1/products/pankeyki-norenko-proteinovye-bananovye-170-gr
2101,https://admin.kalina-malina.ru/api/v1/products/hlebcy-celnozernovye-iz-polby-ot-igorya-romanyuka-50-g
308,https://admin.kalina-malina.ru/api/v1/products/hlebcy-tartaletki-celnozernovye-pshenichnye-45-g
2266,https://admin.kalina-malina.ru/api/v1/products/batonchik-zlakovyy-s-kedrovym-orehom-i-oblepihoy-ot-lidii-gorshkovoy-50-g
1646,https://admin.kalina-malina.ru/api/v1/products/cukaty-iz-sosnovoy-shishki-ot-denisa-davydova-100g
2294,https://admin.kalina-malina.ru/api/v1/products/hlebcy-iz-tverdyh-sortov-pshenicy-ot-igorya-romanyuka-50g
40648,https://admin.kalina-malina.ru/api/v1/products/chipsy-assorti-0-045kg
1777,https://admin.kalina-malina.ru/api/v1/products/batonchik-zlakovyy-s-kedrovym-orehom-i-klyukvoy-ot-lidii-gorshkovoy-50-g
72,https://admin.kalina-malina.ru/api/v1/products/batonchik-klubnichnyy-s-kedrovym-orehom-25gr
40649,https://admin.kalina-malina.ru/api/v1/products/chipsy-banan-0-04kg
40655,https://admin.kalina-malina.ru/api/v1/products/chipsy-yabloko-0-025kg
319,https://admin.kalina-malina.ru/api/v1/products/pastila-yabloko-golubika-20g
7029,https://admin.kalina-malina.ru/api/v1/products/batoncik-strukova-orexovyi-karamelnyi-004-kg
40489,https://admin.kalina-malina.ru/api/v1/products/batonchik-grechishnyy-0-05kg
2267,https://admin.kalina-malina.ru/api/v1/products/batonchik-zlakovyy-s-kedrovym-orehom-i-chernikoy-ot-lidii-gorshkovoy-50-g
685,https://admin.kalina-malina.ru/api/v1/products/pastila-yabloko-brusnika-ot-mariny-sizovoy-20-g
387,https://admin.kalina-malina.ru/api/v1/products/chipsy-celnozernovye-kukuruznye-so-steviey-70-gr
3032,https://admin.kalina-malina.ru/api/v1/products/chipsy-iz-naturalnyh-fruktov-assorti-75-gr
686,https://admin.kalina-malina.ru/api/v1/products/pastila-yabloko-oblepiha-ot-mariny-sizovoy-20-g
1817,https://admin.kalina-malina.ru/api/v1/products/cukaty-iz-sosnovoy-shishki-na-palochke-ot-denisa-davydova-25-g
450,https://admin.kalina-malina.ru/api/v1/products/nerybka-200g
530,https://admin.kalina-malina.ru/api/v1/products/syr-tofu-ot-vladimira-gubina-200-g
470,https://admin.kalina-malina.ru/api/v1/products/syr-tofu-kopchenyy-ot-vladimira-gubina-200-g
2349,https://admin.kalina-malina.ru/api/v1/products/semya-lna-ot-ivana-pyatnicy-500-g
684,https://admin.kalina-malina.ru/api/v1/products/yadro-kedrovogo-oreha-ot-yulii-lapinoy-100-g
820,https://admin.kalina-malina.ru/api/v1/products/yadro-oreha-kedrovogo-ot-vyacheslava-danilkina-80-g
112,https://admin.kalina-malina.ru/api/v1/products/oreh-kedrovyy-ochishchennyy-ot-yulii-lapinoy-50g
1193,https://admin.kalina-malina.ru/api/v1/products/oreh-kedrovyy-v-skorlupe-ot-vyacheslava-danilkina-250-g
217,https://admin.kalina-malina.ru/api/v1/products/yadro-kedrovogo-oreha-100g
247,https://admin.kalina-malina.ru/api/v1/products/yadro-oreha-kedrovogo-ot-vyacheslava-danilkina-130-g
2116,https://admin.kalina-malina.ru/api/v1/products/cukaty-iz-klyukvy-ot-denisa-davydova-100-g
10030,https://admin.kalina-malina.ru/api/v1/products/cukaty-kokin-iz-sosnovoi-siski-v-temnom-sokolade-90-gr
683,https://admin.kalina-malina.ru/api/v1/products/oreh-kedrovyy-v-skorlupe-ot-yulii-lapinoy-140-g
2350,https://admin.kalina-malina.ru/api/v1/products/yadro-podsolnechnika-ot-ivana-pyatnicy-500-g
335,https://admin.kalina-malina.ru/api/v1/products/morozhenoe-plombir-vanilnyy-v-vafelnom-stakane-120ml
2732,https://admin.kalina-malina.ru/api/v1/products/morozhenoe-slivochnoe-oblepiha-70-g
6426,https://admin.kalina-malina.ru/api/v1/products/morozenoe-renessans-molocnoe-sokoladnoe-290-g
336,https://admin.kalina-malina.ru/api/v1/products/morozhenoe-slivochnoe-solenaya-karamel-v-vafelnom-stakane-120ml
2736,https://admin.kalina-malina.ru/api/v1/products/morozhenoe-slivochnoe-klubnika-layt-70-g
2742,https://admin.kalina-malina.ru/api/v1/products/morozhenoe-solenaya-karamel-270-g
2729,https://admin.kalina-malina.ru/api/v1/products/sladkiy-led-sorbet-klubnichnyy-95-g
2740,https://admin.kalina-malina.ru/api/v1/products/morozhenoe-slivochnoe-270-g
2735,https://admin.kalina-malina.ru/api/v1/products/morozhenoe-plombir-vanilnyy-75-g
2739,https://admin.kalina-malina.ru/api/v1/products/morozhenoe-slivochnoe-zhimolost-layt-70-g
2734,https://admin.kalina-malina.ru/api/v1/products/morozhenoe-molochnoe-vishnya-v-shokolade-85-g
2738,https://admin.kalina-malina.ru/api/v1/products/morozhenoe-slivochnoe-s-golubikoy-70-g
2737,https://admin.kalina-malina.ru/api/v1/products/morozhenoe-slivochnoe-solenaya-karamel-75-g
337,https://admin.kalina-malina.ru/api/v1/products/morozhenoe-slivochnoe-s-shokoladnoy-kroshkoy-v-vafelnom-stakane-120ml
2733,https://admin.kalina-malina.ru/api/v1/products/morozhenoe-molochnoe-shokoladnoe-85-g
2731,https://admin.kalina-malina.ru/api/v1/products/morozhenoe-slivochnoe-yogurt-so-smorodinoy-85-g
2741,https://admin.kalina-malina.ru/api/v1/products/morozhenoe-plombir-vanilnyy-270-g
2730,https://admin.kalina-malina.ru/api/v1/products/morozhenoe-slivochnoe-75-g
40663,https://admin.kalina-malina.ru/api/v1/products/shokolad-molochnyy-brusnika-i-kedrovyy-zhmyh-0-1-kg
3179,https://admin.kalina-malina.ru/api/v1/products/shokolad-gorkiy-klassicheskiy-100gr
40660,https://admin.kalina-malina.ru/api/v1/products/shokolad-temnyy-vishnya-i-mindal-0-1-kg
1763,https://admin.kalina-malina.ru/api/v1/products/karamel-ledencovaya-so-vkusom-brusniki-na-palochke-ot-akima-shirshkova-18-g
40664,https://admin.kalina-malina.ru/api/v1/products/shokolad-belyy-malina-i-semena-konopli-0-1-kg
401,https://admin.kalina-malina.ru/api/v1/products/shokolad-gorkiy-s-yagodami-smorodiny-82-ot-krestiny-afonasevoy-25-g
22525,https://admin.kalina-malina.ru/api/v1/products/konfety-brusnika-bez-sahara-0-1-kg
3180,https://admin.kalina-malina.ru/api/v1/products/pasta-strukova-kokosovaya-manna-0-2-kg
1399,https://admin.kalina-malina.ru/api/v1/products/mango-v-shokolade-90g
1816,https://admin.kalina-malina.ru/api/v1/products/iris-sibirskiy-vkus-ot-krestiny-afonasevoy-100-g
399,https://admin.kalina-malina.ru/api/v1/products/karamel-ledencovaya-so-vkusom-smorodiny-na-palochke-ot-akima-shirshkova-18-g
40662,https://admin.kalina-malina.ru/api/v1/products/shokolad-molochnyy-chernika-i-len-0-1-kg
402,https://admin.kalina-malina.ru/api/v1/products/shokolad-belyy-s-yagodami-klubniki-62-ot-krestiny-afonasevoy-25-g
29495,https://admin.kalina-malina.ru/api/v1/products/marmelad-kalina-malina-bez-sahara-0-11kg
22527,https://admin.kalina-malina.ru/api/v1/products/konfety-cheremuha-bez-sahara-0-1-kg
40490,https://admin.kalina-malina.ru/api/v1/products/konfety-praline-s-apelsinom-0-04kg
403,https://admin.kalina-malina.ru/api/v1/products/shokolad-molochnyy-s-yagodami-maliny-48-ot-krestiny-afonasevoy-25-g
40665,https://admin.kalina-malina.ru/api/v1/products/shokolad-belyy-myata-i-klubnika-0-1-kg
40661,https://admin.kalina-malina.ru/api/v1/products/shokolad-temnyy-malina-i-semena-tykvy-0-1-kg
840,https://admin.kalina-malina.ru/api/v1/products/grilyazh-kedrovyy-klassicheskiy-ot-akima-shirshkova-120g
2835,https://admin.kalina-malina.ru/api/v1/products/tort-platonenkov-tvorozhnyy-lomtik-100gr
1330,https://admin.kalina-malina.ru/api/v1/products/tort-nezhnost-klubnichno-tvorozhnyy-ot-yulii-chernikovoy-i-aleksandra-suvorova-120-g
7038,https://admin.kalina-malina.ru/api/v1/products/piroznoe-tokareva-syrnyi-tryufel-assorti-90gr
612,https://admin.kalina-malina.ru/api/v1/products/chizkeyk-kokosovyy-kusochek-v-i-u-110-gr
40472,https://admin.kalina-malina.ru/api/v1/products/tort-borovikova-tiramisu-0-14kg
896,https://admin.kalina-malina.ru/api/v1/products/pryanik-zavarnoy-raspisnoy-5
893,https://admin.kalina-malina.ru/api/v1/products/pryanik-zavarnoy-raspisnoy-2
895,https://admin.kalina-malina.ru/api/v1/products/pryanik-zavarnoy-raspisnoy-4
894,https://admin.kalina-malina.ru/api/v1/products/pryanik-zavarnoy-raspisnoy-2-2
25228,https://admin.kalina-malina.ru/api/v1/products/pirozhnoe-shu-plombir-0-06-kg
595,https://admin.kalina-malina.ru/api/v1/products/pirozhnoe-pishcha-bogov-eksp-3-moloka-120gr
22569,https://admin.kalina-malina.ru/api/v1/products/pirozhnoe-moti-s-golubikoy-0-1kg
1573,https://admin.kalina-malina.ru/api/v1/products/tiffani-140g
2236,https://admin.kalina-malina.ru/api/v1/products/pirozhnoe-bushe-s-varenoy-sgushchenkoy-ot-yulii-chernikovoy-i-aleksandra-suvorov-105g
972,https://admin.kalina-malina.ru/api/v1/products/pirozhnoe-eskimo-klubnichnyy-plombir-80-gr
342,https://admin.kalina-malina.ru/api/v1/products/pirozhnoe-kartoshka-ot-yulii-chernikovoy-i-aleksandra-suvorova-120-g-2-sht
1574,https://admin.kalina-malina.ru/api/v1/products/tiffani-s-greckim-orehom-150g
563,https://admin.kalina-malina.ru/api/v1/products/pirozhnoe-kartoshka-kak-iz-detstva-270-gr
271,https://admin.kalina-malina.ru/api/v1/products/pirozhnoe-eskimo-shokolad-80-gr
22568,https://admin.kalina-malina.ru/api/v1/products/pirozhnoe-moti-s-klubnikoy-0-1kg
22570,https://admin.kalina-malina.ru/api/v1/products/pirozhnoe-moti-s-mango-0-1kg
40565,https://admin.kalina-malina.ru/api/v1/products/desert-pavlov-apelsinovaya-panna-kotta-0-13kg
6308,https://admin.kalina-malina.ru/api/v1/products/desert-lobanova-syrnyi-cernika-011-kg
2636,https://admin.kalina-malina.ru/api/v1/products/profitroli-norenko-s-syrno-slivochnoy-nachinkoy-i-shokoladnym-sousom-100gr
270,https://admin.kalina-malina.ru/api/v1/products/pirozhnoe-eskimo-krasnyy-barhat-80-gr
2461,https://admin.kalina-malina.ru/api/v1/products/pirozhnoe-shokoladnaya-kolbaska-150-g
3215,https://admin.kalina-malina.ru/api/v1/products/tort-napoleon-sht
2237,https://admin.kalina-malina.ru/api/v1/products/pirozhnoe-bushe-s-klubnikoy-ot-yulii-chernikovoy-i-aleksandra-suvorova-105g
7398,https://admin.kalina-malina.ru/api/v1/products/desert-lobanova-syrnyi-klubnika-011-kg
545,https://admin.kalina-malina.ru/api/v1/products/pechene-medovo-imbirnoe-ot-marii-permyakovoy-250-g
394,https://admin.kalina-malina.ru/api/v1/products/pechene-shokoladnoe-s-cheremuhoy-ot-krestiny-afonasevoy-150-g
1188,https://admin.kalina-malina.ru/api/v1/products/vafli-so-sgushchenkoy-85g
1331,https://admin.kalina-malina.ru/api/v1/products/pechene-romashka-ot-krestiny-afonasevoy-150-g
1757,https://admin.kalina-malina.ru/api/v1/products/pechene-ovsyanochka-s-semenami-lna-ot-niny-aksenovoy-i-alekseya-aksenova-230-g
6736,https://admin.kalina-malina.ru/api/v1/products/pecene-norenko-sokoladnoe-s-orexovoi-pastoi-55gr
3071,https://admin.kalina-malina.ru/api/v1/products/pechene-volna-tvorozhnoe-180gr
1710,https://admin.kalina-malina.ru/api/v1/products/pechene-domashnee-ot-niny-aksenovoy-i-alekseya-aksenova-200-g
3359,https://admin.kalina-malina.ru/api/v1/products/oreshki-utkina-s-varenym-sgushchennym-molokom-dobavleniem-oreha-300gr
2668,https://admin.kalina-malina.ru/api/v1/products/pastila-klyukvennaya-40-gr
625,https://admin.kalina-malina.ru/api/v1/products/zefir-glazirovannyy-90-gr
999,https://admin.kalina-malina.ru/api/v1/products/marmelad-sibirskaya-radost-110-gr
2662,https://admin.kalina-malina.ru/api/v1/products/pastila-assorti-35-gr
2669,https://admin.kalina-malina.ru/api/v1/products/pastila-pechenoe-yabloko-33-gr
2666,https://admin.kalina-malina.ru/api/v1/products/pastila-grushevaya-40-gr
2665,https://admin.kalina-malina.ru/api/v1/products/pastila-vishnevaya-35-gr
29495,https://admin.kalina-malina.ru/api/v1/products/marmelad-kalina-malina-bez-sahara-0-11kg
2667,https://admin.kalina-malina.ru/api/v1/products/pastila-klubnichnaya-35-gr
998,https://admin.kalina-malina.ru/api/v1/products/marmelad-alatau-110gr
904,https://admin.kalina-malina.ru/api/v1/products/arahisovaya-pasta-200gr
927,https://admin.kalina-malina.ru/api/v1/products/voda-mineralnaya-gazirovannaya-1-5l
2215,https://admin.kalina-malina.ru/api/v1/products/voda-mineralnaya-negazirovannaya-500-ml
22458,https://admin.kalina-malina.ru/api/v1/products/limonad-golovko-kola-vanil-0-5l
22452,https://admin.kalina-malina.ru/api/v1/products/energeticheskiy-napitok-golovko-aroniya-500-ml-nov
3376,https://admin.kalina-malina.ru/api/v1/products/limonad-golovko-kola-gaz-1-5l-nov
711,https://admin.kalina-malina.ru/api/v1/products/voda-mineralnaya-negazirovannaya-ot-vasiliya-kalitova-5-l
22456,https://admin.kalina-malina.ru/api/v1/products/napitok-bezalkogolnyy-golovko-gazirovannyy-yagodnyy-500-ml-2
22448,https://admin.kalina-malina.ru/api/v1/products/limonad-golovko-dyushes-gaz-1-5l-nov
928,https://admin.kalina-malina.ru/api/v1/products/voda-mineralnaya-gazirovannaya-0-5l
3360,https://admin.kalina-malina.ru/api/v1/products/energeticheskiy-napitok-golovko-apelsinovyy-500-ml-nov
21515,https://admin.kalina-malina.ru/api/v1/products/energeticheskiy-napitok-golovko-smorodina-500-ml-nov
22454,https://admin.kalina-malina.ru/api/v1/products/limonad-golovko-sayany-gaz-1-5l
22455,https://admin.kalina-malina.ru/api/v1/products/limonad-golovko-sprint-0-5-l-2
3377,https://admin.kalina-malina.ru/api/v1/products/limonad-golovko-krem-soda-gaz-1-5l-nov
2214,https://admin.kalina-malina.ru/api/v1/products/voda-mineralnaya-negazirovannaya-1-5l
2279,https://admin.kalina-malina.ru/api/v1/products/kvas-hlebnyy-1-5l
22576,https://admin.kalina-malina.ru/api/v1/products/kvas-hlebnyy-nefiltr-0-33l
2191,https://admin.kalina-malina.ru/api/v1/products/kvas-domashniy-ot-kristiny-antipovoy-1-5-l
1555,https://admin.kalina-malina.ru/api/v1/products/kvas-domashniy-okroshechnyy-ot-kristiny-antipovoy-1-5-l
22444,https://admin.kalina-malina.ru/api/v1/products/limonad-golovko-tarhun-gaz-1-5l-nov
22458,https://admin.kalina-malina.ru/api/v1/products/limonad-golovko-kola-vanil-0-5l
2089,https://admin.kalina-malina.ru/api/v1/products/limonad-imbirnyy-bez-sahara-ot-evgeniya-golovko-330-ml
22440,https://admin.kalina-malina.ru/api/v1/products/grog-antipova-1-5-l
22549,https://admin.kalina-malina.ru/api/v1/products/limonad-isindi-0-5l
40589,https://admin.kalina-malina.ru/api/v1/products/limonad-barguzin-0-5-l
3351,https://admin.kalina-malina.ru/api/v1/products/limonad-golovko-sprint-1-5-l-nov
22452,https://admin.kalina-malina.ru/api/v1/products/energeticheskiy-napitok-golovko-aroniya-500-ml-nov
3376,https://admin.kalina-malina.ru/api/v1/products/limonad-golovko-kola-gaz-1-5l-nov
22448,https://admin.kalina-malina.ru/api/v1/products/limonad-golovko-dyushes-gaz-1-5l-nov
3360,https://admin.kalina-malina.ru/api/v1/products/energeticheskiy-napitok-golovko-apelsinovyy-500-ml-nov
21515,https://admin.kalina-malina.ru/api/v1/products/energeticheskiy-napitok-golovko-smorodina-500-ml-nov
22454,https://admin.kalina-malina.ru/api/v1/products/limonad-golovko-sayany-gaz-1-5l
22455,https://admin.kalina-malina.ru/api/v1/products/limonad-golovko-sprint-0-5-l-2
40591,https://admin.kalina-malina.ru/api/v1/products/limonad-buratino-gaz-1-5l-2
40588,https://admin.kalina-malina.ru/api/v1/products/limonad-orange-1-5-l
3377,https://admin.kalina-malina.ru/api/v1/products/limonad-golovko-krem-soda-gaz-1-5l-nov
23044,https://admin.kalina-malina.ru/api/v1/products/mors-klyukva-s-medom-0-5l
2660,https://admin.kalina-malina.ru/api/v1/products/mors-klyukvennyy-0-5-l-2
870,https://admin.kalina-malina.ru/api/v1/products/mors-brusnichnyy-1-5l-2
36,https://admin.kalina-malina.ru/api/v1/products/mors-klyukvennyy-1-5l
22478,https://admin.kalina-malina.ru/api/v1/products/vzvar-iz-grushi-500-ml
938,https://admin.kalina-malina.ru/api/v1/products/mors-yagodnyy-brusnichnyy-pasterizovannyy-ot-sergeya-butenko-500-ml
4697,https://admin.kalina-malina.ru/api/v1/products/mors-sibprodukt-cernika-15-l
2655,https://admin.kalina-malina.ru/api/v1/products/mors-brusnichnyy-0-5-l-2
23043,https://admin.kalina-malina.ru/api/v1/products/mors-chernika-s-medom-0-5l
941,https://admin.kalina-malina.ru/api/v1/products/mors-yagodnyy-klubnichnyy-pasterizovannyy-ot-sergeya-butenko-500-ml
2656,https://admin.kalina-malina.ru/api/v1/products/mors-brusnichnyy-1-5-l
869,https://admin.kalina-malina.ru/api/v1/products/mors-brusnichnyy-1-5l
888,https://admin.kalina-malina.ru/api/v1/products/vzvar-iz-shipovnika-ot-igorya-adodina-1-l
3193,https://admin.kalina-malina.ru/api/v1/products/glintveyn-antipova-vishnevyy-1-5l
2026,https://admin.kalina-malina.ru/api/v1/products/mors-yagodnyy-klyukvennyy-pasterizovannyy-ot-sergeya-butenko-500-ml
468,https://admin.kalina-malina.ru/api/v1/products/mors-iz-irgi-ot-tamary-antipovoy-1-5l
23042,https://admin.kalina-malina.ru/api/v1/products/mors-chernaya-smorodina-s-medom-0-5l
1389,https://admin.kalina-malina.ru/api/v1/products/vzvar-iz-boyaryshnika-1l
263,https://admin.kalina-malina.ru/api/v1/products/mors-iz-ezheviki-ot-igorya-adodina-1-5l
356,https://admin.kalina-malina.ru/api/v1/products/sok-berezovyy-ot-tatyany-i-ivana-menyaylovyh-250-ml
1165,https://admin.kalina-malina.ru/api/v1/products/sok-tomatnyy-0-75l
22549,https://admin.kalina-malina.ru/api/v1/products/limonad-isindi-0-5l
22478,https://admin.kalina-malina.ru/api/v1/products/vzvar-iz-grushi-500-ml
2013,https://admin.kalina-malina.ru/api/v1/products/sok-chernichnyy-ot-olega-zhdanova-750-ml
2651,https://admin.kalina-malina.ru/api/v1/products/vzvar-shipovnika-1-l
120,https://admin.kalina-malina.ru/api/v1/products/napitok-dva-frukta-legkiy-ot-sergeya-butenko-500-ml
697,https://admin.kalina-malina.ru/api/v1/products/shampinony-svezhie-ohl-0-3-kg
2913,https://admin.kalina-malina.ru/api/v1/products/maslyata-ds-marinovannye
40529,https://admin.kalina-malina.ru/api/v1/products/nabor-zeleni-0-07kg
1717,https://admin.kalina-malina.ru/api/v1/products/morkov-mini-s-m-1-kg
483,https://admin.kalina-malina.ru/api/v1/products/chernika-s-m-2-5-kg
215,https://admin.kalina-malina.ru/api/v1/products/vishnya-bez-kostochki-s-m
3164,https://admin.kalina-malina.ru/api/v1/products/mikrozelen-vepreva-pshenicy-35-g
40531,https://admin.kalina-malina.ru/api/v1/products/mikrozelen-flyagina-redis-0-026-kg
2215,https://admin.kalina-malina.ru/api/v1/products/voda-mineralnaya-negazirovannaya-500-ml
711,https://admin.kalina-malina.ru/api/v1/products/voda-mineralnaya-negazirovannaya-ot-vasiliya-kalitova-5-l
2504,https://admin.kalina-malina.ru/api/v1/products/yayco-nesterov-kurinoe-stolovoe-kategorii-s1-10sht
2214,https://admin.kalina-malina.ru/api/v1/products/voda-mineralnaya-negazirovannaya-1-5l
2504,https://admin.kalina-malina.ru/api/v1/products/yayco-nesterov-kurinoe-stolovoe-kategorii-s1-10sht
3258,https://admin.kalina-malina.ru/api/v1/products/syr-kachotta-altayskaya-ot-kuzmina-petra
3065,https://admin.kalina-malina.ru/api/v1/products/govyadina-tushenaya-v-s-338-gr
3306,https://admin.kalina-malina.ru/api/v1/products/salsa-belyavcev-tradicionnaya-350-ml
697,https://admin.kalina-malina.ru/api/v1/products/shampinony-svezhie-ohl-0-3-kg
274,https://admin.kalina-malina.ru/api/v1/products/maslo-podsolnechnoe-altayskoe-naturalnoe-nerafinirovannoe-pervyy-sort-ot-aleksandra-balakova-500-ml
2272,https://admin.kalina-malina.ru/api/v1/products/maslo-podsolnechnoe-altayskoe-naturalnoe-nerafinirovannoe-pervyy-sort-ot-aleksandra-balakova-1-l
3328,https://admin.kalina-malina.ru/api/v1/products/syr-cynert-chedder-s-chesnokom-v-rozmarinovoy-korke-0-12-kg
3329,https://admin.kalina-malina.ru/api/v1/products/syr-cynert-chedder-klassicheskiy-0-12-kg
684,https://admin.kalina-malina.ru/api/v1/products/yadro-kedrovogo-oreha-ot-yulii-lapinoy-100-g
112,https://admin.kalina-malina.ru/api/v1/products/oreh-kedrovyy-ochishchennyy-ot-yulii-lapinoy-50g
711,https://admin.kalina-malina.ru/api/v1/products/voda-mineralnaya-negazirovannaya-ot-vasiliya-kalitova-5-l
928,https://admin.kalina-malina.ru/api/v1/products/voda-mineralnaya-gazirovannaya-0-5l
247,https://admin.kalina-malina.ru/api/v1/products/yadro-oreha-kedrovogo-ot-vyacheslava-danilkina-130-g
2214,https://admin.kalina-malina.ru/api/v1/products/voda-mineralnaya-negazirovannaya-1-5l
3339,https://admin.kalina-malina.ru/api/v1/products/yayco-babichev-stolovoe-kategoriya-s0-desyatok
697,https://admin.kalina-malina.ru/api/v1/products/shampinony-svezhie-ohl-0-3-kg
2649,https://admin.kalina-malina.ru/api/v1/products/smetana-balbin-20-250g
1189,https://admin.kalina-malina.ru/api/v1/products/tvorog-5-250-gr
684,https://admin.kalina-malina.ru/api/v1/products/yadro-kedrovogo-oreha-ot-yulii-lapinoy-100-g
2571,https://admin.kalina-malina.ru/api/v1/products/grechka-zelenaya-ot-ivana-pyatnicy-500-g
2116,https://admin.kalina-malina.ru/api/v1/products/cukaty-iz-klyukvy-ot-denisa-davydova-100-g
2529,https://admin.kalina-malina.ru/api/v1/products/lavash-po-erevanski-tonkiy-120g
2116,https://admin.kalina-malina.ru/api/v1/products/cukaty-iz-klyukvy-ot-denisa-davydova-100-g
2209,https://admin.kalina-malina.ru/api/v1/products/pashtet-iz-kurinoy-pecheni-ot-tatyany-egorovoy-100-g
463,https://admin.kalina-malina.ru/api/v1/products/bekon-tradicionnyy-sredniy-ves-0-300-kg
444,https://admin.kalina-malina.ru/api/v1/products/maslo-podsolnechnoe-syrodavlennoe-500-ml
656,https://admin.kalina-malina.ru/api/v1/products/maslo-podsolnechnoe-nerafinirovannoe-ot-tatyany-sheverdinoy-1-l
2675,https://admin.kalina-malina.ru/api/v1/products/mayonez-provans-250ml
1932,https://admin.kalina-malina.ru/api/v1/products/tushka-broylera-ohl-sredniy-ves-1-800-kg-volkov
2390,https://admin.kalina-malina.ru/api/v1/products/muka-pshenichnaya-vysshego-sorta-2-kg
3180,https://admin.kalina-malina.ru/api/v1/products/pasta-strukova-kokosovaya-manna-0-2-kg
3206,https://admin.kalina-malina.ru/api/v1/products/syr-lobanova-avtorskiy-tverdyy-ves-sredniy-ves-200gr
656,https://admin.kalina-malina.ru/api/v1/products/maslo-podsolnechnoe-nerafinirovannoe-ot-tatyany-sheverdinoy-1-l
2377,https://admin.kalina-malina.ru/api/v1/products/gorchica-ostraya-na-rassole-s-medom-ot-mihaila-menshikova-100-ml
525,https://admin.kalina-malina.ru/api/v1/products/smetana-10-25-ot-ivana-balbina-400-g
3082,https://admin.kalina-malina.ru/api/v1/products/sous-zosimova-ketchup-domashniy-330-g
712,https://admin.kalina-malina.ru/api/v1/products/smetana-10-ot-eduarda-burakova-200-g
553,https://admin.kalina-malina.ru/api/v1/products/smetana-15-ot-iriny-rydel-200-g
3053,https://admin.kalina-malina.ru/api/v1/products/bedro-kurinoe-barbekyu-1-kg
2314,https://admin.kalina-malina.ru/api/v1/products/shashlyk-osobyy-ohl-v-u-ves
36693,https://admin.kalina-malina.ru/api/v1/products/krylya-v-marinade-taezhnyy-v-u-ohl-ves-sredniy-ves-1-kg
1038,https://admin.kalina-malina.ru/api/v1/products/krylya-kurinye-chilli-villi-sredniy-ves-1-300-kg-volkov
2309,https://admin.kalina-malina.ru/api/v1/products/shashlyk-chiken-gril-sladkie-sredniy-ves-1-300-kg-volkov
933,https://admin.kalina-malina.ru/api/v1/products/file-v-marinade-belarichi-sredniy-ves-1-100-kg-volkov
2532,https://admin.kalina-malina.ru/api/v1/products/shashlyk-iz-file-bedra-v-u-ohl-ves
2311,https://admin.kalina-malina.ru/api/v1/products/shashlyk-kavkazskiy-sredniy-ves-1-300-kg-volkov
2313,https://admin.kalina-malina.ru/api/v1/products/shashlyk-firmennyy-sredniy-ves-1-300-kg-volkov
2307,https://admin.kalina-malina.ru/api/v1/products/shashlyk-temnoe-pivo-sredniy-ves-1-300-kg-volkov
1893,https://admin.kalina-malina.ru/api/v1/products/rebryshki-svinye-delikatesnye-sredniy-ves-1-300-kg-volkov
3043,https://admin.kalina-malina.ru/api/v1/products/kupaty-barbekyu-500-g
3044,https://admin.kalina-malina.ru/api/v1/products/kupaty-kurinye-500-g
40484,https://admin.kalina-malina.ru/api/v1/products/terpug-v-perechnom-marinade-v-u-zam-ves
5015,https://admin.kalina-malina.ru/api/v1/products/forel-cuckova-file-lomtik-slabosolyonoe-160-gr
40486,https://admin.kalina-malina.ru/api/v1/products/okun-pivikov-s-italyanskimi-travami-v-u-zam-ves
40483,https://admin.kalina-malina.ru/api/v1/products/skumbriya-v-slivochno-gribnom-marinade-v-u-zam-ves
22466,https://admin.kalina-malina.ru/api/v1/products/midii-v-chesnochnom-masle-0-15-kg
21062,https://admin.kalina-malina.ru/api/v1/products/dorado-dlya-zapekaniya-polufabrikat-v-u-zamorozhennyy-ves-sredniy-ves-0-850gr
40485,https://admin.kalina-malina.ru/api/v1/products/forel-s-limonom-v-u-zam-ves
2549,https://admin.kalina-malina.ru/api/v1/products/led-pishchevoy-sht
22502,https://admin.kalina-malina.ru/api/v1/products/farsh-svinoy-kat-v-ohl-0-4-kg
2996,https://admin.kalina-malina.ru/api/v1/products/farsh-podmoskovnyy-ohl-0-4-kg
1202,https://admin.kalina-malina.ru/api/v1/products/gulyash-delikatesnyy-svinnoy-sredniy-ves-1-100-kg
6641,https://admin.kalina-malina.ru/api/v1/products/bifsteks-aya-s-myasom-govyadiny-024-kg-zam
456,https://admin.kalina-malina.ru/api/v1/products/farsh-vyazemskiy-sredniy-ves-1-000kg-volkov
2452,https://admin.kalina-malina.ru/api/v1/products/tushka-utki-v-marinade-pikantnyy-v-pakete-dlya-zapekaniya
40469,https://admin.kalina-malina.ru/api/v1/products/otbivnaya-v-panirovke-pravilnyy-recept-ohl-ves-sredniy-ves-0-5kg
2626,https://admin.kalina-malina.ru/api/v1/products/stripsy-iz-kuricy-ohl-350-gr
2627,https://admin.kalina-malina.ru/api/v1/products/stripsy-iz-kuricy-ostrye-ohl-350-gr
21200,https://admin.kalina-malina.ru/api/v1/products/cyplenok-gril-v-marinade-barbekyu-v-u-ohl-ves
1195,https://admin.kalina-malina.ru/api/v1/products/cyplenok-tushka-pervogo-sorta-ohlazhdennaya-ot-andreya-nesterova-sredniy-ves-tushki-1-9-kg
348,https://admin.kalina-malina.ru/api/v1/products/farsh-originalnyy-sredniy-ves-1-000kg-volkov
3393,https://admin.kalina-malina.ru/api/v1/products/kotlety-iz-indeyki-nezhnye-zam-0-4-kg
2452,https://admin.kalina-malina.ru/api/v1/products/tushka-utki-v-marinade-pikantnyy-v-pakete-dlya-zapekaniya
33749,https://admin.kalina-malina.ru/api/v1/products/nabor-iz-myasa-utenka-dlya-ragu-ohl-sredniy-ves-900-gr
33751,https://admin.kalina-malina.ru/api/v1/products/file-grudki-utenka-ohl-ves-sredniy-ves-700-gr
848,https://admin.kalina-malina.ru/api/v1/products/ragu-svinoe-sredniy-ves-1-250-kg
33732,https://admin.kalina-malina.ru/api/v1/products/pechen-cyplyat-broylerov-ohl-sredniy-ves-700-gr
33743,https://admin.kalina-malina.ru/api/v1/products/sheya-cyplyat-broylerov-ohl-sredniy-ves-600-gr
33730,https://admin.kalina-malina.ru/api/v1/products/myshechnyy-zheludok-cyplyat-broylerov-ohl-sredniy-ves-800-gr
33717,https://admin.kalina-malina.ru/api/v1/products/golen-s-kozhey-cyplyat-broylerov-ohl-sredniy-ves-1-kg
33724,https://admin.kalina-malina.ru/api/v1/products/grudka-s-kozhey-cyplyat-broylerov-ohl-sredniy-ves-700-gr
33436,https://admin.kalina-malina.ru/api/v1/products/okorochok-beskostnyy-bez-kozhi-cyplyat-broylerov-podlozhka-ohl
22435,https://admin.kalina-malina.ru/api/v1/products/polutushka-utyat-v-marinade-brusnichno-klyukvennyy-v-u-ohl-ves
33738,https://admin.kalina-malina.ru/api/v1/products/serdce-cyplyat-broylerov-ohl-sredniy-ves-700-gr
33744,https://admin.kalina-malina.ru/api/v1/products/kurica-zheltaya-ohl-sredniy-ves-2-kg
33742,https://admin.kalina-malina.ru/api/v1/products/file-grudki-cyplyat-broylerov-ohl-sredniy-ves-1-kg
33716,https://admin.kalina-malina.ru/api/v1/products/bedryshko-cyplyat-broylerov-ohl-sredniy-ves-1-kg
33726,https://admin.kalina-malina.ru/api/v1/products/krylyshko-celoe-cyplyat-broylerov-ohl-sredniy-ves-1-kg
1932,https://admin.kalina-malina.ru/api/v1/products/tushka-broylera-ohl-sredniy-ves-1-800-kg-volkov
60,https://admin.kalina-malina.ru/api/v1/products/zakuska-zalivnaya-russkaya
1431,https://admin.kalina-malina.ru/api/v1/products/kolbasa-pepperoni-syrokopchenaya-245-gr-volkov
1723,https://admin.kalina-malina.ru/api/v1/products/kolbasa-na-okroshechku-varenaya-500gr-volkov
2058,https://admin.kalina-malina.ru/api/v1/products/servelat-orehovyy-p-k-200-g
2934,https://admin.kalina-malina.ru/api/v1/products/kolbasa-veneciya-s-k-v-u-porc-0-25-kg
2609,https://admin.kalina-malina.ru/api/v1/products/kolbasa-firmennaya-v-k-kat-a-v-u-0-3-kg
21199,https://admin.kalina-malina.ru/api/v1/products/kolbasa-elitnaya-s-k-kat-a-v-u-0-2-kg
1055,https://admin.kalina-malina.ru/api/v1/products/kolbasa-elitnaya-v-k-kat-a-0-35-kg
2039,https://admin.kalina-malina.ru/api/v1/products/kolbasa-kurinaya-delikatesnaya-syrokopchenaya-245-gr-volkov
2816,https://admin.kalina-malina.ru/api/v1/products/kolbasa-balykovaya-p-k-firm-sort-porc-nar-v-u-0-32-kg
2178,https://admin.kalina-malina.ru/api/v1/products/kolbasa-braunshveygskaya-syrokopchenaya-245-gr-volkov
2847,https://admin.kalina-malina.ru/api/v1/products/kolbasa-parmskaya-s-k-290-g
2201,https://admin.kalina-malina.ru/api/v1/products/kolbasa-domashnyaya-p-k-iz-myasa-pticy-v-u-ves
1453,https://admin.kalina-malina.ru/api/v1/products/kolbasa-ostakinskaya-var-kat-a-0-45-kg
27325,https://admin.kalina-malina.ru/api/v1/products/kolbasa-kuzbasskaya-v-k-300-gr
2931,https://admin.kalina-malina.ru/api/v1/products/kolbasa-ukrainskaya-p-k-kat-b-porc-nar-v-u-0-32-kg
911,https://admin.kalina-malina.ru/api/v1/products/kolbasa-shahterskaya-p-k-kat-b-n-o-v-u-0-45-kg
1103,https://admin.kalina-malina.ru/api/v1/products/kolbasa-krakovskaya-p-k-kat-b-v-u-0-41-kg
2848,https://admin.kalina-malina.ru/api/v1/products/salyami-georgievskaya-290-g
1869,https://admin.kalina-malina.ru/api/v1/products/servelat-klassicheskiy-v-k-340-g-volkov
3053,https://admin.kalina-malina.ru/api/v1/products/bedro-kurinoe-barbekyu-1-kg
2314,https://admin.kalina-malina.ru/api/v1/products/shashlyk-osobyy-ohl-v-u-ves
36693,https://admin.kalina-malina.ru/api/v1/products/krylya-v-marinade-taezhnyy-v-u-ohl-ves-sredniy-ves-1-kg
1038,https://admin.kalina-malina.ru/api/v1/products/krylya-kurinye-chilli-villi-sredniy-ves-1-300-kg-volkov
2309,https://admin.kalina-malina.ru/api/v1/products/shashlyk-chiken-gril-sladkie-sredniy-ves-1-300-kg-volkov
933,https://admin.kalina-malina.ru/api/v1/products/file-v-marinade-belarichi-sredniy-ves-1-100-kg-volkov
2532,https://admin.kalina-malina.ru/api/v1/products/shashlyk-iz-file-bedra-v-u-ohl-ves
2311,https://admin.kalina-malina.ru/api/v1/products/shashlyk-kavkazskiy-sredniy-ves-1-300-kg-volkov
2313,https://admin.kalina-malina.ru/api/v1/products/shashlyk-firmennyy-sredniy-ves-1-300-kg-volkov
2307,https://admin.kalina-malina.ru/api/v1/products/shashlyk-temnoe-pivo-sredniy-ves-1-300-kg-volkov
1893,https://admin.kalina-malina.ru/api/v1/products/rebryshki-svinye-delikatesnye-sredniy-ves-1-300-kg-volkov
3043,https://admin.kalina-malina.ru/api/v1/products/kupaty-barbekyu-500-g
3044,https://admin.kalina-malina.ru/api/v1/products/kupaty-kurinye-500-g
40484,https://admin.kalina-malina.ru/api/v1/products/terpug-v-perechnom-marinade-v-u-zam-ves
5015,https://admin.kalina-malina.ru/api/v1/products/forel-cuckova-file-lomtik-slabosolyonoe-160-gr
40486,https://admin.kalina-malina.ru/api/v1/products/okun-pivikov-s-italyanskimi-travami-v-u-zam-ves
40483,https://admin.kalina-malina.ru/api/v1/products/skumbriya-v-slivochno-gribnom-marinade-v-u-zam-ves
22466,https://admin.kalina-malina.ru/api/v1/products/midii-v-chesnochnom-masle-0-15-kg
21062,https://admin.kalina-malina.ru/api/v1/products/dorado-dlya-zapekaniya-polufabrikat-v-u-zamorozhennyy-ves-sredniy-ves-0-850gr
40485,https://admin.kalina-malina.ru/api/v1/products/forel-s-limonom-v-u-zam-ves
2549,https://admin.kalina-malina.ru/api/v1/products/led-pishchevoy-sht
22502,https://admin.kalina-malina.ru/api/v1/products/farsh-svinoy-kat-v-ohl-0-4-kg
2996,https://admin.kalina-malina.ru/api/v1/products/farsh-podmoskovnyy-ohl-0-4-kg
1202,https://admin.kalina-malina.ru/api/v1/products/gulyash-delikatesnyy-svinnoy-sredniy-ves-1-100-kg
6641,https://admin.kalina-malina.ru/api/v1/products/bifsteks-aya-s-myasom-govyadiny-024-kg-zam
456,https://admin.kalina-malina.ru/api/v1/products/farsh-vyazemskiy-sredniy-ves-1-000kg-volkov
2452,https://admin.kalina-malina.ru/api/v1/products/tushka-utki-v-marinade-pikantnyy-v-pakete-dlya-zapekaniya
40469,https://admin.kalina-malina.ru/api/v1/products/otbivnaya-v-panirovke-pravilnyy-recept-ohl-ves-sredniy-ves-0-5kg
2626,https://admin.kalina-malina.ru/api/v1/products/stripsy-iz-kuricy-ohl-350-gr
2627,https://admin.kalina-malina.ru/api/v1/products/stripsy-iz-kuricy-ostrye-ohl-350-gr
21200,https://admin.kalina-malina.ru/api/v1/products/cyplenok-gril-v-marinade-barbekyu-v-u-ohl-ves
1195,https://admin.kalina-malina.ru/api/v1/products/cyplenok-tushka-pervogo-sorta-ohlazhdennaya-ot-andreya-nesterova-sredniy-ves-tushki-1-9-kg
348,https://admin.kalina-malina.ru/api/v1/products/farsh-originalnyy-sredniy-ves-1-000kg-volkov
3393,https://admin.kalina-malina.ru/api/v1/products/kotlety-iz-indeyki-nezhnye-zam-0-4-kg
2452,https://admin.kalina-malina.ru/api/v1/products/tushka-utki-v-marinade-pikantnyy-v-pakete-dlya-zapekaniya
33749,https://admin.kalina-malina.ru/api/v1/products/nabor-iz-myasa-utenka-dlya-ragu-ohl-sredniy-ves-900-gr
33751,https://admin.kalina-malina.ru/api/v1/products/file-grudki-utenka-ohl-ves-sredniy-ves-700-gr
848,https://admin.kalina-malina.ru/api/v1/products/ragu-svinoe-sredniy-ves-1-250-kg
33732,https://admin.kalina-malina.ru/api/v1/products/pechen-cyplyat-broylerov-ohl-sredniy-ves-700-gr
33743,https://admin.kalina-malina.ru/api/v1/products/sheya-cyplyat-broylerov-ohl-sredniy-ves-600-gr
33730,https://admin.kalina-malina.ru/api/v1/products/myshechnyy-zheludok-cyplyat-broylerov-ohl-sredniy-ves-800-gr
33717,https://admin.kalina-malina.ru/api/v1/products/golen-s-kozhey-cyplyat-broylerov-ohl-sredniy-ves-1-kg
33724,https://admin.kalina-malina.ru/api/v1/products/grudka-s-kozhey-cyplyat-broylerov-ohl-sredniy-ves-700-gr
33436,https://admin.kalina-malina.ru/api/v1/products/okorochok-beskostnyy-bez-kozhi-cyplyat-broylerov-podlozhka-ohl
22435,https://admin.kalina-malina.ru/api/v1/products/polutushka-utyat-v-marinade-brusnichno-klyukvennyy-v-u-ohl-ves
33738,https://admin.kalina-malina.ru/api/v1/products/serdce-cyplyat-broylerov-ohl-sredniy-ves-700-gr
33744,https://admin.kalina-malina.ru/api/v1/products/kurica-zheltaya-ohl-sredniy-ves-2-kg
33742,https://admin.kalina-malina.ru/api/v1/products/file-grudki-cyplyat-broylerov-ohl-sredniy-ves-1-kg
33716,https://admin.kalina-malina.ru/api/v1/products/bedryshko-cyplyat-broylerov-ohl-sredniy-ves-1-kg
33726,https://admin.kalina-malina.ru/api/v1/products/krylyshko-celoe-cyplyat-broylerov-ohl-sredniy-ves-1-kg
1932,https://admin.kalina-malina.ru/api/v1/products/tushka-broylera-ohl-sredniy-ves-1-800-kg-volkov
60,https://admin.kalina-malina.ru/api/v1/products/zakuska-zalivnaya-russkaya
1431,https://admin.kalina-malina.ru/api/v1/products/kolbasa-pepperoni-syrokopchenaya-245-gr-volkov
1723,https://admin.kalina-malina.ru/api/v1/products/kolbasa-na-okroshechku-varenaya-500gr-volkov
2058,https://admin.kalina-malina.ru/api/v1/products/servelat-orehovyy-p-k-200-g
2934,https://admin.kalina-malina.ru/api/v1/products/kolbasa-veneciya-s-k-v-u-porc-0-25-kg
2609,https://admin.kalina-malina.ru/api/v1/products/kolbasa-firmennaya-v-k-kat-a-v-u-0-3-kg
21199,https://admin.kalina-malina.ru/api/v1/products/kolbasa-elitnaya-s-k-kat-a-v-u-0-2-kg
1055,https://admin.kalina-malina.ru/api/v1/products/kolbasa-elitnaya-v-k-kat-a-0-35-kg
2039,https://admin.kalina-malina.ru/api/v1/products/kolbasa-kurinaya-delikatesnaya-syrokopchenaya-245-gr-volkov
2816,https://admin.kalina-malina.ru/api/v1/products/kolbasa-balykovaya-p-k-firm-sort-porc-nar-v-u-0-32-kg
2178,https://admin.kalina-malina.ru/api/v1/products/kolbasa-braunshveygskaya-syrokopchenaya-245-gr-volkov
2847,https://admin.kalina-malina.ru/api/v1/products/kolbasa-parmskaya-s-k-290-g
2201,https://admin.kalina-malina.ru/api/v1/products/kolbasa-domashnyaya-p-k-iz-myasa-pticy-v-u-ves
1453,https://admin.kalina-malina.ru/api/v1/products/kolbasa-ostakinskaya-var-kat-a-0-45-kg
27325,https://admin.kalina-malina.ru/api/v1/products/kolbasa-kuzbasskaya-v-k-300-gr
2931,https://admin.kalina-malina.ru/api/v1/products/kolbasa-ukrainskaya-p-k-kat-b-porc-nar-v-u-0-32-kg
911,https://admin.kalina-malina.ru/api/v1/products/kolbasa-shahterskaya-p-k-kat-b-n-o-v-u-0-45-kg
1103,https://admin.kalina-malina.ru/api/v1/products/kolbasa-krakovskaya-p-k-kat-b-v-u-0-41-kg
2848,https://admin.kalina-malina.ru/api/v1/products/salyami-georgievskaya-290-g
1869,https://admin.kalina-malina.ru/api/v1/products/servelat-klassicheskiy-v-k-340-g-volkov
1386,https://admin.kalina-malina.ru/api/v1/products/tort-pechenochnyy-sredniy-ves-0-580-kg
60,https://admin.kalina-malina.ru/api/v1/products/zakuska-zalivnaya-russkaya
1070,https://admin.kalina-malina.ru/api/v1/products/pastroma-tradicionnaya-sredniy-ves-0-220-kg
3305,https://admin.kalina-malina.ru/api/v1/products/chipsy-myasnushki-iz-svininy-pikantnye-40-g
7238,https://admin.kalina-malina.ru/api/v1/products/lomtiki-grevcova-syrovyalenye-iz-govyadiny-008-kg
463,https://admin.kalina-malina.ru/api/v1/products/bekon-tradicionnyy-sredniy-ves-0-300-kg
2623,https://admin.kalina-malina.ru/api/v1/products/okorok-tambovskiy-cena-za-300-g-2
455,https://admin.kalina-malina.ru/api/v1/products/balyk-svinoy-syrokopchenyy-sredniy-ves-upakovki-100-g
40667,https://admin.kalina-malina.ru/api/v1/products/sudzhuh-govyazhiy-armyanskiy-s-konyakom-s-v-ves-sredniy-ves-100-gr
1548,https://admin.kalina-malina.ru/api/v1/products/hladenec-iz-govyadiny-500-g
29138,https://admin.kalina-malina.ru/api/v1/products/salo-va-solenoe-tradicionnoe-ves
3367,https://admin.kalina-malina.ru/api/v1/products/lomtiki-syrovyalenye-iz-kuricy-s-kunzhutom-0-08-kg
29051,https://admin.kalina-malina.ru/api/v1/products/rulet-porketta-sredniy-ves-250-g
3060,https://admin.kalina-malina.ru/api/v1/products/chipsy-lugovcov-myasnushki-iz-indeyki-klassicheskie-40-g
49,https://admin.kalina-malina.ru/api/v1/products/holodec-po-domashnemu-iz-govyadiny-250-g-volkov
1375,https://admin.kalina-malina.ru/api/v1/products/mini-salyami-pivnaya-solomka-s-percem-s-k-80-g
2278,https://admin.kalina-malina.ru/api/v1/products/mini-salyami-pivnaya-solomka-s-k-80-g
507,https://admin.kalina-malina.ru/api/v1/products/studen-iz-kuricy-250-g
2468,https://admin.kalina-malina.ru/api/v1/products/holodec-derevenskiy-400-gr
40501,https://admin.kalina-malina.ru/api/v1/products/myaso-syrovyalenoe-iz-govyadiny-ves-sredniy-ves-200gr
1408,https://admin.kalina-malina.ru/api/v1/products/sardelki-svinye-sredniy-ves-upakovki-0-960-kg
2277,https://admin.kalina-malina.ru/api/v1/products/sosiski-osobye-ves-upakovki-400gr-volkov
1394,https://admin.kalina-malina.ru/api/v1/products/sosiski-doktorskie-400-g-volkov
1395,https://admin.kalina-malina.ru/api/v1/products/sosiski-vologodskie-ves-upakovki-0-400-kg-volkov
1100,https://admin.kalina-malina.ru/api/v1/products/sosiski-slivochnye
1089,https://admin.kalina-malina.ru/api/v1/products/shpikachki-moskvoreckie-kat-b-v-u
2182,https://admin.kalina-malina.ru/api/v1/products/sosiski-smetankovye-400-g-volkov
3308,https://admin.kalina-malina.ru/api/v1/products/sosiski-bergskie-kat-b-v-u-0-35-kg
1871,https://admin.kalina-malina.ru/api/v1/products/sosiski-vologodskie-cena-za-300-g-volkov
1872,https://admin.kalina-malina.ru/api/v1/products/shpikachki-moskvoreckie-volkov
556,https://admin.kalina-malina.ru/api/v1/products/sosiski-slivochnye-volkov
1989,https://admin.kalina-malina.ru/api/v1/products/sosiski-doktorskie-sredniy-ves-upakovki-1-kg
7234,https://admin.kalina-malina.ru/api/v1/products/pastet-format-sibiri-iz-myasa-indeiki-100g
1549,https://admin.kalina-malina.ru/api/v1/products/pashtet-klassicheskiy-100-g
1509,https://admin.kalina-malina.ru/api/v1/products/pashtet-iz-utinoy-pecheni-ot-tatyany-egorovoy-100g
703,https://admin.kalina-malina.ru/api/v1/products/pashtet-iz-pecheni-krolika-ot-tatyany-egorovoy-100-g
2209,https://admin.kalina-malina.ru/api/v1/products/pashtet-iz-kurinoy-pecheni-ot-tatyany-egorovoy-100-g
746,https://admin.kalina-malina.ru/api/v1/products/pashtet-iz-govyazhey-pecheni-ot-tatyany-egorovoy-100g
5108,https://admin.kalina-malina.ru/api/v1/products/pastet-format-sibiri-iz-peceni-indeiki-100g
22548,https://admin.kalina-malina.ru/api/v1/products/riet-iz-myasa-utki-0-1-kg
1997,https://admin.kalina-malina.ru/api/v1/products/buzhenina-iz-myasa-pticy-zapechennaya-sredniy-ves-0-400-kg
857,https://admin.kalina-malina.ru/api/v1/products/file-pticy-v-obsypke-smes-speciy
1281,https://admin.kalina-malina.ru/api/v1/products/rulet-pikantnyy-v-k-v-u-porc-nar
22462,https://admin.kalina-malina.ru/api/v1/products/zheludki-cyplenka-broylera-k-v-0-255-kg
22463,https://admin.kalina-malina.ru/api/v1/products/krylyshki-baffalo-k-v-0-255-kg
22464,https://admin.kalina-malina.ru/api/v1/products/hryashchik-cyplenka-broylera-k-v-0-255-kg
22529,https://admin.kalina-malina.ru/api/v1/products/pechen-broylera-zapechennaya-0-255-kg
23527,https://admin.kalina-malina.ru/api/v1/products/krendel-myasnoy-s-k-kat-a-v-u-0-11kg
1927,https://admin.kalina-malina.ru/api/v1/products/tushka-kurinaya-zapechennaya-sredniy-ves-1-400-kg
1951,https://admin.kalina-malina.ru/api/v1/products/rulet-pikantnyy-s-gribami-sredniy-ves-0-370-kg
1966,https://admin.kalina-malina.ru/api/v1/products/rulet-pikantnyy-s-chesnokom-i-percem-sredniy-ves-0-380-kg
1969,https://admin.kalina-malina.ru/api/v1/products/file-cyplenka-s-k-sredniy-ves-0-120-kg
1562,https://admin.kalina-malina.ru/api/v1/products/zapekanka-iz-kurinoy-pecheni-s-grechkoy-sredniy-ves-0-260-kg
505,https://admin.kalina-malina.ru/api/v1/products/galantin-iz-myasa-cb-s-syrom
40540,https://admin.kalina-malina.ru/api/v1/products/syr-bri-0-125kg
390,https://admin.kalina-malina.ru/api/v1/products/syr-hallumi-ves
530,https://admin.kalina-malina.ru/api/v1/products/syr-tofu-ot-vladimira-gubina-200-g
470,https://admin.kalina-malina.ru/api/v1/products/syr-tofu-kopchenyy-ot-vladimira-gubina-200-g
687,https://admin.kalina-malina.ru/api/v1/products/syr-kachokavallo-altayskiy-ot-denisa-pomiluyko-sredniy-ves-1-sht-180-g
3258,https://admin.kalina-malina.ru/api/v1/products/syr-kachotta-altayskaya-ot-kuzmina-petra
1628,https://admin.kalina-malina.ru/api/v1/products/syr-mantova
40542,https://admin.kalina-malina.ru/api/v1/products/syr-belper-knolle-v-kofe-0-08kg
531,https://admin.kalina-malina.ru/api/v1/products/syr-bulochka-podkopchenaya-ot-denisa-pomiluyko-sredniy-ves-1-sht-260-g
959,https://admin.kalina-malina.ru/api/v1/products/syr-belper-knolle-v-chernom-perce-50-gr
40543,https://admin.kalina-malina.ru/api/v1/products/syr-belper-knolle-v-provanskih-travah-0-08kg
407,https://admin.kalina-malina.ru/api/v1/products/syr-baton-islandiya-polutverdyy-ot-denisa-pomiluyko-sredniy-ves-1-sht-200-g
688,https://admin.kalina-malina.ru/api/v1/products/syr-provolone-altayskiy-ot-denisa-pomiluyko-sredniy-ves-1-sht-180-g
1170,https://admin.kalina-malina.ru/api/v1/products/syr-k-pivu-s-chesnokom-70-gr
1345,https://admin.kalina-malina.ru/api/v1/products/syr-svezhiy-myagkiy-ves
1730,https://admin.kalina-malina.ru/api/v1/products/syr-belper-knolle-v-chernom-perce-80-g
21036,https://admin.kalina-malina.ru/api/v1/products/syr-formula-altayskiy-belper-knole-vyderzhannyy-s-paprikoy-50gr
687,https://admin.kalina-malina.ru/api/v1/products/syr-kachokavallo-altayskiy-ot-denisa-pomiluyko-sredniy-ves-1-sht-180-g
1346,https://admin.kalina-malina.ru/api/v1/products/syr-svezhiy-kopchenyy-myagkiy-ot-denisa-pomiluyko-sredniy-ves-1sht-200gr
1171,https://admin.kalina-malina.ru/api/v1/products/syr-k-pivu-s-paprikoy-70-gr
409,https://admin.kalina-malina.ru/api/v1/products/syr-baton-s-vishney-polutverdyy-ot-denisa-pomiluyko-sredniy-ves-1-sht-200-g
64,https://admin.kalina-malina.ru/api/v1/products/tvorog-detskiy-n-4-100-g
1487,https://admin.kalina-malina.ru/api/v1/products/bifidokefir-kapelka-3-2-200-g
1701,https://admin.kalina-malina.ru/api/v1/products/moloko-otbornoe-celnoe-pasterizovannoe-3-4-6-ot-eduarda-burakova-1-l
1745,https://admin.kalina-malina.ru/api/v1/products/moloko-otbornoe-celnoe-pasterizovannoe-3-4-6-ot-eduarda-burakova-1-5-l
22447,https://admin.kalina-malina.ru/api/v1/products/moloko-balbin-celnoe-pasterizovannoe-mdzh-3-6-4-2-0-5l
2644,https://admin.kalina-malina.ru/api/v1/products/moloko-korchagina-taezhnoe-sgushchennoe-120-ml
22451,https://admin.kalina-malina.ru/api/v1/products/moloko-balbin-celnoe-pasterizovannoe-mdzh-3-6-4-2-1l
3252,https://admin.kalina-malina.ru/api/v1/products/ryazhenka-podvore-2-5-0-5-kg
22497,https://admin.kalina-malina.ru/api/v1/products/moloko-balbin-celnoe-pasterizovannoe-mdzh-3-6-4-2-2l
1764,https://admin.kalina-malina.ru/api/v1/products/moloko-toplenoe-2-5-ot-eduarda-burakova-500-ml
1700,https://admin.kalina-malina.ru/api/v1/products/moloko-pasterizovannoe-2-5-ot-eduarda-burakova-1-l
126,https://admin.kalina-malina.ru/api/v1/products/yogurt-koziy-0-33l-so-zlakami-mdzh-2-8-5-6
2499,https://admin.kalina-malina.ru/api/v1/products/yogurt-sibprod-koziy-3-5-180g-zhimolost
766,https://admin.kalina-malina.ru/api/v1/products/yogurt-koziy-0-33l-vishnya
767,https://admin.kalina-malina.ru/api/v1/products/yogurt-koziy-0-33l-zemlyanika
25261,https://admin.kalina-malina.ru/api/v1/products/maslo-soglasie-slivochnoe-tradicionnoe-82-5-0-2kg
1366,https://admin.kalina-malina.ru/api/v1/products/maslo-slivochnoe-shokoladnoe-62-ot-eduarda-burakova-200-gr
823,https://admin.kalina-malina.ru/api/v1/products/maslo-tradicionnoe-82-5-ot-ivana-balbina-200-g
525,https://admin.kalina-malina.ru/api/v1/products/smetana-10-25-ot-ivana-balbina-400-g
710,https://admin.kalina-malina.ru/api/v1/products/smetana-15-ot-svetlany-lazutkinoy-200-g
713,https://admin.kalina-malina.ru/api/v1/products/smetana-10-ot-eduarda-burakova-400-g
2649,https://admin.kalina-malina.ru/api/v1/products/smetana-balbin-20-250g
712,https://admin.kalina-malina.ru/api/v1/products/smetana-10-ot-eduarda-burakova-200-g
553,https://admin.kalina-malina.ru/api/v1/products/smetana-15-ot-iriny-rydel-200-g
140,https://admin.kalina-malina.ru/api/v1/products/tvorozhnaya-massa-malina-130-g
21206,https://admin.kalina-malina.ru/api/v1/products/tvorozhnaya-massa-milkmaster-s-izyumom-mdzh-5-5-0-2gr
22559,https://admin.kalina-malina.ru/api/v1/products/tvorog-abrikos-5-0-130-kg
1189,https://admin.kalina-malina.ru/api/v1/products/tvorog-5-250-gr
1693,https://admin.kalina-malina.ru/api/v1/products/tvorozhnaya-massa-klubnika-5-ot-eduarda-burakova-200-g
141,https://admin.kalina-malina.ru/api/v1/products/tvorozhnaya-massa-130-g
9896,https://admin.kalina-malina.ru/api/v1/products/iogurt-lobanova-500-ml-so-zlakami
22445,https://admin.kalina-malina.ru/api/v1/products/yogurt-mk-so-zlakami-mdzh-4-500-ml
40520,https://admin.kalina-malina.ru/api/v1/products/yogurt-soglasie-persik-marakuyya-0-33kg
611,https://admin.kalina-malina.ru/api/v1/products/yogurt-koroviy-330-ml-smorodina
1694,https://admin.kalina-malina.ru/api/v1/products/yogurt-chernika-4-ot-eduarda-burakova-500-ml
5410,https://admin.kalina-malina.ru/api/v1/products/iogurt-lobanova-500-ml-cernika
2444,https://admin.kalina-malina.ru/api/v1/products/yogurt-sibprod-koziy-3-5-180ml-chernika-n
2499,https://admin.kalina-malina.ru/api/v1/products/yogurt-sibprod-koziy-3-5-180g-zhimolost
10850,https://admin.kalina-malina.ru/api/v1/products/iogurt-lobanova-500-ml-naturalnyi
909,https://admin.kalina-malina.ru/api/v1/products/bioyogurt-zakvaska-2-g-h-5-pak
1265,https://admin.kalina-malina.ru/api/v1/products/yogurt-iz-celnogo-moloka-klubnika-3-5-ot-sergeya-zybina-250-ml
40580,https://admin.kalina-malina.ru/api/v1/products/yogurt-kivi-0-5l
2745,https://admin.kalina-malina.ru/api/v1/products/yogurt-soglasie-koroviy-2-330ml-klubnika
22542,https://admin.kalina-malina.ru/api/v1/products/yogurt-koziy-naturalnyy-2-8-5-6-0-33-l
676,https://admin.kalina-malina.ru/api/v1/products/yogurt-iz-celnogo-moloka-zhimolost-3-5-ot-sergeya-zybina-250-ml
1729,https://admin.kalina-malina.ru/api/v1/products/yogurt-oblepiha-ot-ivana-balbina-330ml
2443,https://admin.kalina-malina.ru/api/v1/products/yogurt-sibprod-koziy-3-5-180ml-klubnika-n
8464,https://admin.kalina-malina.ru/api/v1/products/iogurt-lobanova-500-ml-klubnika
7237,https://admin.kalina-malina.ru/api/v1/products/ravioli-cavkin-s-syrom-i-gribami-05-kg
2175,https://admin.kalina-malina.ru/api/v1/products/napitok-kislomolochnyy-snezhok-sladkiy-2-5-ot-eduarda-burakova-500-g
1068,https://admin.kalina-malina.ru/api/v1/products/tan-ot-vasila-arutyunyan-1-kg
1742,https://admin.kalina-malina.ru/api/v1/products/kefir-2-5-ot-eduarda-burakova-500-g
89,https://admin.kalina-malina.ru/api/v1/products/narilak-probiotik-250g
40581,https://admin.kalina-malina.ru/api/v1/products/kefir-klubnika-3-2-0-25l
526,https://admin.kalina-malina.ru/api/v1/products/kefir-2-5-ot-ivana-balbina-500-ml
1382,https://admin.kalina-malina.ru/api/v1/products/ryazhenka-2-5-ot-eduarda-burakova-500-g
3371,https://admin.kalina-malina.ru/api/v1/products/tomaty-vg-marinovannye-celye-0-95-l
1010,https://admin.kalina-malina.ru/api/v1/products/macun-klassicheskiy-3-2-ot-vasila-arutyunyana-1-kg
1116,https://admin.kalina-malina.ru/api/v1/products/narine-forte-300-ml
3338,https://admin.kalina-malina.ru/api/v1/products/yayco-babichev-stolovoe-kategoriya-s1-desyatok
2504,https://admin.kalina-malina.ru/api/v1/products/yayco-nesterov-kurinoe-stolovoe-kategorii-s1-10sht
3339,https://admin.kalina-malina.ru/api/v1/products/yayco-babichev-stolovoe-kategoriya-s0-desyatok
19,https://admin.kalina-malina.ru/api/v1/products/yayco-perepelinoe-pishchevoe-20-sht
2136,https://admin.kalina-malina.ru/api/v1/products/manty-kolesnikov-klassicheskie-450g-korobka
2128,https://admin.kalina-malina.ru/api/v1/products/vareniki-petrochenko-s-tvorogom-500g-korobka
21041,https://admin.kalina-malina.ru/api/v1/products/pelmeni-firmennye-kurinye-zam-0-4-kg
2140,https://admin.kalina-malina.ru/api/v1/products/pelmeni-aya-iz-indeyki-500g-korobka
21037,https://admin.kalina-malina.ru/api/v1/products/pelmeni-moskovskie-kat-b-zam-0-6-kg
21038,https://admin.kalina-malina.ru/api/v1/products/pelmeni-zastolnye-kat-v-zam-0-6-kg
1542,https://admin.kalina-malina.ru/api/v1/products/pelmeni-iz-gorbushi-zam-0-4kg
22475,https://admin.kalina-malina.ru/api/v1/products/hinkali-carskie-zam-0-5-kg
2566,https://admin.kalina-malina.ru/api/v1/products/pelmeni-aya-domashnie-500g-zam
21039,https://admin.kalina-malina.ru/api/v1/products/pelmeni-myasnye-kat-b-zam-0-8-kg
2133,https://admin.kalina-malina.ru/api/v1/products/pelmeni-kolesnikov-raduga-250g-korobka
40607,https://admin.kalina-malina.ru/api/v1/products/pelmeni-aya-gedza-zam-0-28-kg
2125,https://admin.kalina-malina.ru/api/v1/products/vareniki-petrochenko-s-kartofelem-i-gribami-500g-korobka
2127,https://admin.kalina-malina.ru/api/v1/products/vareniki-petrochenko-s-kvashenoy-kapustoy-i-shkvarkami-500g-korobka
22450,https://admin.kalina-malina.ru/api/v1/products/vareniki-s-syrom-i-zelenyu-zam-0-4-kg
2141,https://admin.kalina-malina.ru/api/v1/products/pelmeni-aya-iz-myasa-olenya-500g-korobka
3201,https://admin.kalina-malina.ru/api/v1/products/hinkali-aya-s-myasom-govyadiny-400g
21040,https://admin.kalina-malina.ru/api/v1/products/pelmeni-myasnye-s-kapustoy-kat-v-zam-0-8-kg
22474,https://admin.kalina-malina.ru/api/v1/products/manty-pikantnye-kurinye-zam-0-6-kg
22476,https://admin.kalina-malina.ru/api/v1/products/vareniki-s-tvorogom-zam-0-4-kg
58,https://admin.kalina-malina.ru/api/v1/products/golubcy-farshirovannye-po-domashnemu-1-kg-volkov
2195,https://admin.kalina-malina.ru/api/v1/products/naggetsy-kurinye-zamorozhennye-360-g
2137,https://admin.kalina-malina.ru/api/v1/products/kotlety-aya-iz-indeyki-500g-korobka
1452,https://admin.kalina-malina.ru/api/v1/products/kotlety-s-morkovyu-iz-sudaka-zam-0-4kg
2131,https://admin.kalina-malina.ru/api/v1/products/kotlety-alshin-iz-shchuki-parabelskie-490g-korobka
1443,https://admin.kalina-malina.ru/api/v1/products/perec-farshirovannyy-myasom-i-risom-1-kg-volkov
21048,https://admin.kalina-malina.ru/api/v1/products/kotlety-lyubitelskie-kat-v-zam-0-6-kg
3313,https://admin.kalina-malina.ru/api/v1/products/kotlety-kurinye-zam-0-6-kg-kraft
2134,https://admin.kalina-malina.ru/api/v1/products/kotlety-kolesnikov-po-domashnemu-450g-korobka
1082,https://admin.kalina-malina.ru/api/v1/products/kotlety-iz-shchuki-zam-0-4kg
2138,https://admin.kalina-malina.ru/api/v1/products/kotlety-aya-iz-sudaka-500g-korobka
3384,https://admin.kalina-malina.ru/api/v1/products/kotlety-de-volyay-s-maslom-i-petrushkoy-zam-0-48-kg
3393,https://admin.kalina-malina.ru/api/v1/products/kotlety-iz-indeyki-nezhnye-zam-0-4-kg
3392,https://admin.kalina-malina.ru/api/v1/products/kotleta-po-kievski-zam-0-48-kg
351,https://admin.kalina-malina.ru/api/v1/products/syrniki-iz-tvoroga-zam-0-42-kg
11659,https://admin.kalina-malina.ru/api/v1/products/blinciki-s-nacinkoi-iz-myasa-s-risom-zam-048-kg
11740,https://admin.kalina-malina.ru/api/v1/products/blinciki-s-kuricei-i-risom-zam-048-kg
12505,https://admin.kalina-malina.ru/api/v1/products/blinciki-s-visnevym-dzemom-zam-048-kg
12435,https://admin.kalina-malina.ru/api/v1/products/blinciki-s-tvoroznoi-nacinkoi-zam-048-kg
2951,https://admin.kalina-malina.ru/api/v1/products/picca-rimskaya-gavayskaya-zam-450-g
2948,https://admin.kalina-malina.ru/api/v1/products/picca-rimskaya-4-syra-zam-450-g
2950,https://admin.kalina-malina.ru/api/v1/products/picca-rimskaya-cyplenok-s-rozmarinom-zam-450-g
2949,https://admin.kalina-malina.ru/api/v1/products/picca-rimskaya-margarita-zam-450-g
2173,https://admin.kalina-malina.ru/api/v1/products/borshch-250-gr-volkov
3322,https://admin.kalina-malina.ru/api/v1/products/sup-rybnyy-s-moreproduktami-0-380-kg
2694,https://admin.kalina-malina.ru/api/v1/products/sup-s-frikadelkami
2823,https://admin.kalina-malina.ru/api/v1/products/sup-gorohovyy-0-25-kg
2958,https://admin.kalina-malina.ru/api/v1/products/sup-pyure-iz-tykvy-0-250-kg
1442,https://admin.kalina-malina.ru/api/v1/products/sup-syrnyy-250-gr-volkov
22449,https://admin.kalina-malina.ru/api/v1/products/uha-ohl-0-25-kg
2878,https://admin.kalina-malina.ru/api/v1/products/solyanka-myasnaya-0-25-kg
1601,https://admin.kalina-malina.ru/api/v1/products/sup-pyure-gribnoy-250-g
1836,https://admin.kalina-malina.ru/api/v1/products/ryba-zapechennaya-mintay-s-kartofelnym-pyure-0-25-kg
3323,https://admin.kalina-malina.ru/api/v1/products/pasta-boloneze-0-2-kg
2107,https://admin.kalina-malina.ru/api/v1/products/kurinaya-grudka-zapechennaya-s-ovoshchami-250gr-volkov
1091,https://admin.kalina-malina.ru/api/v1/products/vok-s-govyadinoy-0-25-kg
2638,https://admin.kalina-malina.ru/api/v1/products/tefteli-kurinye-s-kartofelnym-pyure
3334,https://admin.kalina-malina.ru/api/v1/products/pasta-karbonara-0-18-kg
2774,https://admin.kalina-malina.ru/api/v1/products/gulyash-pryanyy-s-krasnym-sousom-i-kartofelnym-pyure-0-25-kg
2259,https://admin.kalina-malina.ru/api/v1/products/oladi-pechenochnye-0-14-kg
1092,https://admin.kalina-malina.ru/api/v1/products/vok-s-kuricey-0-25-kg
40476,https://admin.kalina-malina.ru/api/v1/products/kotleta-fermerskaya-s-kartofelnym-pyure-250-gr
40471,https://admin.kalina-malina.ru/api/v1/products/kurica-po-yaponski-s-risom-i-ananasami-243-gr
36269,https://admin.kalina-malina.ru/api/v1/products/makarony-s-sosiskami-i-syrom-parmezan
2055,https://admin.kalina-malina.ru/api/v1/products/pechen-po-stroganovski-i-ris-otvarnoy
36268,https://admin.kalina-malina.ru/api/v1/products/ryba-pod-ovoshchami-s-syrom-ves-sredniy-ves-100-gr
824,https://admin.kalina-malina.ru/api/v1/products/myaso-govyadina-po-stroganovski-i-kasha-grechnevaya
1180,https://admin.kalina-malina.ru/api/v1/products/govyadina-s-ovoshchami-i-ris-otvarnoy
22516,https://admin.kalina-malina.ru/api/v1/products/bulgur-otvarnoy-0-15-kg
426,https://admin.kalina-malina.ru/api/v1/products/golubcy-s-myasom-i-risom-i-kartofelnym-pyure-0-3-kg
21046,https://admin.kalina-malina.ru/api/v1/products/draniki-kartofelnye-0-15-kg
66,https://admin.kalina-malina.ru/api/v1/products/salat-grecheskiy-0-2-kg
243,https://admin.kalina-malina.ru/api/v1/products/salat-cezar-s-kuricey-180-gr-volkov
21358,https://admin.kalina-malina.ru/api/v1/products/salat-olive-s-kolbasoy-0-15-kg
2274,https://admin.kalina-malina.ru/api/v1/products/salat-vitaminnyy-150-g
2799,https://admin.kalina-malina.ru/api/v1/products/salat-iz-kapusty-s-klyukvoy-150-gr
40555,https://admin.kalina-malina.ru/api/v1/products/salat-iz-tykvy-0-155kg
3321,https://admin.kalina-malina.ru/api/v1/products/salat-mimoza-s-lososem-0-18-kg
2017,https://admin.kalina-malina.ru/api/v1/products/salat-vinegret-150-gr-volkov
3096,https://admin.kalina-malina.ru/api/v1/products/salat-cuckova-iz-morskoy-kapusty-s-maslom-klyukovka-0-9-kg
40615,https://admin.kalina-malina.ru/api/v1/products/salat-iz-svekly-s-chernoslivom-i-greckim-orehom-0-15kg
40516,https://admin.kalina-malina.ru/api/v1/products/salat-iz-morkovi-600-gr-po-koreyski
1244,https://admin.kalina-malina.ru/api/v1/products/bliny-s-klubnikoy-i-shokoladnoy-pastoy-205-g
22522,https://admin.kalina-malina.ru/api/v1/products/bliny-s-maslom-0-195-kg
40507,https://admin.kalina-malina.ru/api/v1/products/bliny-s-myasom-205-gr
257,https://admin.kalina-malina.ru/api/v1/products/bliny-s-kuricey-i-gribnym-zhyulenom-205-gr-volkov
3332,https://admin.kalina-malina.ru/api/v1/products/blinchiki-s-syrom-0-185-kg
40513,https://admin.kalina-malina.ru/api/v1/products/bliny-s-bananom-i-shokoladno-orehovoy-pastoy-205-gr
349,https://admin.kalina-malina.ru/api/v1/products/blinchiki-s-kurinoy-nachinkoy-0-205-kg
1012,https://admin.kalina-malina.ru/api/v1/products/bliny-s-tvorogom-i-malinoy
21201,https://admin.kalina-malina.ru/api/v1/products/bliny-karbonara-ohl-0-185-kg
37168,https://admin.kalina-malina.ru/api/v1/products/pankeyki-norenko-proteinovye-bananovye-170-gr
21214,https://admin.kalina-malina.ru/api/v1/products/syrniki-iz-tvoroga-s-rikottoy-i-s-cedroy-limona-ohl-0-13-kg
256,https://admin.kalina-malina.ru/api/v1/products/kasha-risovaya-s-tykvoy-0-250-kg
23046,https://admin.kalina-malina.ru/api/v1/products/omlet-s-bekonom-0-21kg
3063,https://admin.kalina-malina.ru/api/v1/products/zapekanka-tvorozhnaya-v-lotke-0-18-kg
26403,https://admin.kalina-malina.ru/api/v1/products/syrniki-s-dzhemom-mango-marakuyya-140-gr
2601,https://admin.kalina-malina.ru/api/v1/products/syrniki-iz-tvoroga-s-dzhemom-klubnika-0-14-kg
1245,https://admin.kalina-malina.ru/api/v1/products/syrniki-iz-tvoroga
22574,https://admin.kalina-malina.ru/api/v1/products/pankeyki-s-domashney-karamelyu-0-19-kg
1651,https://admin.kalina-malina.ru/api/v1/products/oladi-0-09-kg
1600,https://admin.kalina-malina.ru/api/v1/products/kasha-vyazkaya-molochnaya-iz-hlopev-ovsyanyh-gerkules-s-maslom
2993,https://admin.kalina-malina.ru/api/v1/products/shaurma-po-domashnemu-s-kuricey-ostraya-250-g
2432,https://admin.kalina-malina.ru/api/v1/products/shashlyk-iz-file-cyplenka-v-lavashe-0-4-kg
32217,https://admin.kalina-malina.ru/api/v1/products/sendvich-s-govyadinoy-0-105kg
12531,https://admin.kalina-malina.ru/api/v1/products/sendvic-s-servelatom-i-amerikanskim-sousom-0105-kg
2992,https://admin.kalina-malina.ru/api/v1/products/shaurma-po-domashnemu-s-kuricey-250-g
3254,https://admin.kalina-malina.ru/api/v1/products/chiken-roll-0-2-kg
2990,https://admin.kalina-malina.ru/api/v1/products/shashlyk-iz-svininy-v-lavashe-240-g
21031,https://admin.kalina-malina.ru/api/v1/products/hot-dog-s-ohotnichey-kolbaskoy-0-16-kg
3202,https://admin.kalina-malina.ru/api/v1/products/vasabi-shchedilov-sashe-5g
2361,https://admin.kalina-malina.ru/api/v1/products/imbir-marinovannyy-30-gr-sht-volkov
22514,https://admin.kalina-malina.ru/api/v1/products/nabor-roll-2-filadelfiya-s-ogurcom-i-roll-lava-unagi-ohl-0-2-kg
2362,https://admin.kalina-malina.ru/api/v1/products/sous-soevyy-40-gr-sht-volkov
