Птица,https://admin.kalina-malina.ru/api/v1/products/catalog/ptica?storeOneCId=ae5b9239-4a60-11ef-98e2-005056ab1c52&limit=20
Свинина,https://admin.kalina-malina.ru/api/v1/products/catalog/svinina?storeOneCId=ae5b9239-4a60-11ef-98e2-005056ab1c52&limit=20
Колбаски_и_котлеты,https://admin.kalina-malina.ru/api/v1/products/catalog/kolbaski-i-kotlety?storeOneCId=ae5b9239-4a60-11ef-98e2-005056ab1c52&limit=20
Рыба,https://admin.kalina-malina.ru/api/v1/products/catalog/ryba?storeOneCId=ae5b9239-4a60-11ef-98e2-005056ab1c52&limit=20
Сопутствующие_товары,https://admin.kalina-malina.ru/api/v1/products/catalog/soputstvuyushchie-tovary?storeOneCId=ae5b9239-4a60-11ef-98e2-005056ab1c52&limit=20
Мясо_полуфабрикаты_из_мяса,https://admin.kalina-malina.ru/api/v1/products/catalog/myaso-polufabrikaty-iz-myasa?storeOneCId=ae5b9239-4a60-11ef-98e2-005056ab1c52&limit=20
Полуфабрикаты_из_птицы,https://admin.kalina-malina.ru/api/v1/products/catalog/ptica-polufabrikaty-iz-pticy?storeOneCId=ae5b9239-4a60-11ef-98e2-005056ab1c52&limit=20
Утка,https://admin.kalina-malina.ru/api/v1/products/catalog/utka?storeOneCId=ae5b9239-4a60-11ef-98e2-005056ab1c52&limit=20
Кости_субпродукты,https://admin.kalina-malina.ru/api/v1/products/catalog/kosti-subprodukty?storeOneCId=ae5b9239-4a60-11ef-98e2-005056ab1c52&limit=20
Курица,https://admin.kalina-malina.ru/api/v1/products/catalog/chicken?storeOneCId=ae5b9239-4a60-11ef-98e2-005056ab1c52&limit=20
Колбасы,https://admin.kalina-malina.ru/api/v1/products/catalog/kolbasy?storeOneCId=ae5b9239-4a60-11ef-98e2-005056ab1c52&limit=20
Мясные_деликатесы,https://admin.kalina-malina.ru/api/v1/products/catalog/myasnye-delikatesy?storeOneCId=ae5b9239-4a60-11ef-98e2-005056ab1c52&limit=20
Сосиски_сардельки,https://admin.kalina-malina.ru/api/v1/products/catalog/sosiski-sardelki?storeOneCId=ae5b9239-4a60-11ef-98e2-005056ab1c52&limit=20
Паштеты,https://admin.kalina-malina.ru/api/v1/products/catalog/pashtety?storeOneCId=ae5b9239-4a60-11ef-98e2-005056ab1c52&limit=20
Копчености_из_мяса_птицы,https://admin.kalina-malina.ru/api/v1/products/catalog/kopchenosti-iz-myasa-pticy?storeOneCId=ae5b9239-4a60-11ef-98e2-005056ab1c52&limit=20
Сыр_для_жарки,https://admin.kalina-malina.ru/api/v1/products/catalog/syr-dlya-zharki?storeOneCId=ae5b9239-4a60-11ef-98e2-005056ab1c52&limit=20
Мягкие_и_рассольные,https://admin.kalina-malina.ru/api/v1/products/catalog/myagkie-i-rassolnye?storeOneCId=ae5b9239-4a60-11ef-98e2-005056ab1c52&limit=20
Полутвердые_и_твердые,https://admin.kalina-malina.ru/api/v1/products/catalog/polutverdye-i-tverdye?storeOneCId=ae5b9239-4a60-11ef-98e2-005056ab1c52&limit=20
Детская_серия,https://admin.kalina-malina.ru/api/v1/products/catalog/detskaya-seriya?storeOneCId=ae5b9239-4a60-11ef-98e2-005056ab1c52&limit=20
Молоко_сливки,https://admin.kalina-malina.ru/api/v1/products/catalog/moloko-slivki?storeOneCId=ae5b9239-4a60-11ef-98e2-005056ab1c52&limit=20
Из_козьего_молока,https://admin.kalina-malina.ru/api/v1/products/catalog/iz-kozego-moloka?storeOneCId=ae5b9239-4a60-11ef-98e2-005056ab1c52&limit=20
Масло,https://admin.kalina-malina.ru/api/v1/products/catalog/maslo?storeOneCId=ae5b9239-4a60-11ef-98e2-005056ab1c52&limit=20
Сметана,https://admin.kalina-malina.ru/api/v1/products/catalog/smetana?storeOneCId=ae5b9239-4a60-11ef-98e2-005056ab1c52&limit=20
Творог_и_творожная_масса,https://admin.kalina-malina.ru/api/v1/products/catalog/tvorog-i-tvorozhnaya-massa?storeOneCId=ae5b9239-4a60-11ef-98e2-005056ab1c52&limit=20
Йогурт_и_молочные_напитки,https://admin.kalina-malina.ru/api/v1/products/catalog/yogurt-i-molochnye-napitki?storeOneCId=ae5b9239-4a60-11ef-98e2-005056ab1c52&limit=20
Кисломолочные_продукты,https://admin.kalina-malina.ru/api/v1/products/catalog/kislomolochnye-produkty?storeOneCId=ae5b9239-4a60-11ef-98e2-005056ab1c52&limit=20
Яйцо_куриное,https://admin.kalina-malina.ru/api/v1/products/catalog/yayco-kurinoe?storeOneCId=ae5b9239-4a60-11ef-98e2-005056ab1c52&limit=20
Яйцо_перепелиное,https://admin.kalina-malina.ru/api/v1/products/catalog/yayco-perepelinoe?storeOneCId=ae5b9239-4a60-11ef-98e2-005056ab1c52&limit=20
Пельмени_манты_вареники,https://admin.kalina-malina.ru/api/v1/products/catalog/pelmeni-manty-vareniki?storeOneCId=ae5b9239-4a60-11ef-98e2-005056ab1c52&limit=20
Котлеты_голубцы,https://admin.kalina-malina.ru/api/v1/products/catalog/kotlety-golubcy?storeOneCId=ae5b9239-4a60-11ef-98e2-005056ab1c52&limit=20
Блины_сырники,https://admin.kalina-malina.ru/api/v1/products/catalog/bliny-syrniki?storeOneCId=ae5b9239-4a60-11ef-98e2-005056ab1c52&limit=20
Пицца,https://admin.kalina-malina.ru/api/v1/products/catalog/picca-2?storeOneCId=ae5b9239-4a60-11ef-98e2-005056ab1c52&limit=20
Первые_блюда,https://admin.kalina-malina.ru/api/v1/products/catalog/pervye-blyuda?storeOneCId=ae5b9239-4a60-11ef-98e2-005056ab1c52&limit=20
Вторые_блюда,https://admin.kalina-malina.ru/api/v1/products/catalog/vtorye-blyuda?storeOneCId=ae5b9239-4a60-11ef-98e2-005056ab1c52&limit=20
Салаты,https://admin.kalina-malina.ru/api/v1/products/catalog/salaty?storeOneCId=ae5b9239-4a60-11ef-98e2-005056ab1c52&limit=20
Большие_салаты,https://admin.kalina-malina.ru/api/v1/products/catalog/bolshie-salaty?storeOneCId=ae5b9239-4a60-11ef-98e2-005056ab1c52&limit=20
Блины,https://admin.kalina-malina.ru/api/v1/products/catalog/bliny?storeOneCId=ae5b9239-4a60-11ef-98e2-005056ab1c52&limit=20
Завтраки_и_десерты,https://admin.kalina-malina.ru/api/v1/products/catalog/zavtraki-i-deserty?storeOneCId=ae5b9239-4a60-11ef-98e2-005056ab1c52&limit=20
Шашлыки_шаурма_сэндвичи,https://admin.kalina-malina.ru/api/v1/products/catalog/shashlyki-shaurma-sendvichi?storeOneCId=ae5b9239-4a60-11ef-98e2-005056ab1c52&limit=20
Роллы_суши,https://admin.kalina-malina.ru/api/v1/products/catalog/rolly-sushi?storeOneCId=ae5b9239-4a60-11ef-98e2-005056ab1c52&limit=20
Гриль,https://admin.kalina-malina.ru/api/v1/products/catalog/gril?storeOneCId=ae5b9239-4a60-11ef-98e2-005056ab1c52&limit=20
Выпечка,https://admin.kalina-malina.ru/api/v1/products/catalog/vypechka-2?storeOneCId=ae5b9239-4a60-11ef-98e2-005056ab1c52&limit=20
Вторые_блюда,https://admin.kalina-malina.ru/api/v1/products/catalog/vtorye-blyuda-2?storeOneCId=ae5b9239-4a60-11ef-98e2-005056ab1c52&limit=20
Масло_растительное,https://admin.kalina-malina.ru/api/v1/products/catalog/maslo-rastitelnoe?storeOneCId=ae5b9239-4a60-11ef-98e2-005056ab1c52&limit=20
Кисель,https://admin.kalina-malina.ru/api/v1/products/catalog/kisel?storeOneCId=ae5b9239-4a60-11ef-98e2-005056ab1c52&limit=20
Лапша_домашняя,https://admin.kalina-malina.ru/api/v1/products/catalog/lapsha-domashnyaya?storeOneCId=ae5b9239-4a60-11ef-98e2-005056ab1c52&limit=20
Соус,https://admin.kalina-malina.ru/api/v1/products/catalog/sous?storeOneCId=ae5b9239-4a60-11ef-98e2-005056ab1c52&limit=20
Хлеб_и_выпечка,https://admin.kalina-malina.ru/api/v1/products/catalog/hleb-i-vypechka?storeOneCId=ae5b9239-4a60-11ef-98e2-005056ab1c52&limit=20
Хлебобулочные_изделия,https://admin.kalina-malina.ru/api/v1/products/catalog/hlebobulochnye-izdeliya?storeOneCId=ae5b9239-4a60-11ef-98e2-005056ab1c52&limit=20
Грибы_маринованные,https://admin.kalina-malina.ru/api/v1/products/catalog/griby-marinovannye?storeOneCId=ae5b9239-4a60-11ef-98e2-005056ab1c52&limit=20
Варенье,https://admin.kalina-malina.ru/api/v1/products/catalog/varene?storeOneCId=ae5b9239-4a60-11ef-98e2-005056ab1c52&limit=20
Овощные_закуски,https://admin.kalina-malina.ru/api/v1/products/catalog/ovoshchnye-zakuski?storeOneCId=ae5b9239-4a60-11ef-98e2-005056ab1c52&limit=20
Мясная_консервация,https://admin.kalina-malina.ru/api/v1/products/catalog/myasnaya-konservaciya?storeOneCId=ae5b9239-4a60-11ef-98e2-005056ab1c52&limit=20
Джемы,https://admin.kalina-malina.ru/api/v1/products/catalog/dzhemy?storeOneCId=ae5b9239-4a60-11ef-98e2-005056ab1c52&limit=20
Полезный_перекус,https://admin.kalina-malina.ru/api/v1/products/catalog/poleznyy-perekus?storeOneCId=ae5b9239-4a60-11ef-98e2-005056ab1c52&limit=20
Соевая_продукция,https://admin.kalina-malina.ru/api/v1/products/catalog/soevaya-produkciya?storeOneCId=ae5b9239-4a60-11ef-98e2-005056ab1c52&limit=20
Орехи_и_семечки,https://admin.kalina-malina.ru/api/v1/products/catalog/orehi-i-semechki?storeOneCId=ae5b9239-4a60-11ef-98e2-005056ab1c52&limit=20
Мороженое,https://admin.kalina-malina.ru/api/v1/products/catalog/morozhenoe?storeOneCId=ae5b9239-4a60-11ef-98e2-005056ab1c52&limit=20
Шоколад_и_конфеты,https://admin.kalina-malina.ru/api/v1/products/catalog/shokolad-i-konfety?storeOneCId=ae5b9239-4a60-11ef-98e2-005056ab1c52&limit=20
Торты,https://admin.kalina-malina.ru/api/v1/products/catalog/torty?storeOneCId=ae5b9239-4a60-11ef-98e2-005056ab1c52&limit=20
Пряники,https://admin.kalina-malina.ru/api/v1/products/catalog/pryaniki?storeOneCId=ae5b9239-4a60-11ef-98e2-005056ab1c52&limit=20
Пирожное,https://admin.kalina-malina.ru/api/v1/products/catalog/pirozhnoe?storeOneCId=ae5b9239-4a60-11ef-98e2-005056ab1c52&limit=20
Печенье,https://admin.kalina-malina.ru/api/v1/products/catalog/pechene?storeOneCId=ae5b9239-4a60-11ef-98e2-005056ab1c52&limit=20
Пастила,https://admin.kalina-malina.ru/api/v1/products/catalog/pastila?storeOneCId=ae5b9239-4a60-11ef-98e2-005056ab1c52&limit=20
Шоколадная_и_ореховая_паста,https://admin.kalina-malina.ru/api/v1/products/catalog/shokoladnaya-i-orehovaya-pasta?storeOneCId=ae5b9239-4a60-11ef-98e2-005056ab1c52&limit=20
Вода,https://admin.kalina-malina.ru/api/v1/products/catalog/voda?storeOneCId=ae5b9239-4a60-11ef-98e2-005056ab1c52&limit=20
Квас,https://admin.kalina-malina.ru/api/v1/products/catalog/kvas?storeOneCId=ae5b9239-4a60-11ef-98e2-005056ab1c52&limit=20
Лимонад,https://admin.kalina-malina.ru/api/v1/products/catalog/limonad?storeOneCId=ae5b9239-4a60-11ef-98e2-005056ab1c52&limit=20
Морсы,https://admin.kalina-malina.ru/api/v1/products/catalog/morsy?storeOneCId=ae5b9239-4a60-11ef-98e2-005056ab1c52&limit=20
Сок_и_нектар,https://admin.kalina-malina.ru/api/v1/products/catalog/sok-i-nektar?storeOneCId=ae5b9239-4a60-11ef-98e2-005056ab1c52&limit=20
Грибы,https://admin.kalina-malina.ru/api/v1/products/catalog/griby?storeOneCId=ae5b9239-4a60-11ef-98e2-005056ab1c52&limit=20
Овощи,https://admin.kalina-malina.ru/api/v1/products/catalog/ovoshchi?storeOneCId=ae5b9239-4a60-11ef-98e2-005056ab1c52&limit=20
Микрозелень,https://admin.kalina-malina.ru/api/v1/products/catalog/mikrozelen?storeOneCId=ae5b9239-4a60-11ef-98e2-005056ab1c52&limit=20